id,project_id,title,address,post_code,city,canton,pos_x,pos_y,from_date,from_trunc,until_date,until_trunc
1,1,,Dienerstrasse 33,8004,Zürich,ZH,248044.107,682231.131,2019-01-01,2,,0
2,2,,Grubenstrasse 45,8045,Zürich,ZH,246144.631,681124.7,2017-01-01,2,,0
3,3,,Rue de l'Hôpital,2502,Biel/Bienne,BE,220798.545,584963.485,,0,,0
4,4,Seebad Utoquai,Utoquai,8008,Zürich,ZH,246489.394,683612.5,2001-01-01,2,,0
5,5,,Platz 9,8200,Schaffhausen,SH,283709.398,689812.699,2018-06-01,1,,0
6,6,,,6513,Monte Carasso,TI,118586.423,718863.785,,0,,0
7,7,,Mörsbergerstrasse 4,4057,Basel,BS,268398.468,611695.643,,0,,0
8,8,,,,Luzern,LU,210354.453,666772.082,1983-01-01,2,1983-01-01,2
9,9,Schmiedgasse 11,,4500,Solothurn,SO,228541.669,608125.582,1978-01-01,2,,0
10,10,,Aarbergergasse 29,3011,Bern,BE,199820.354,600324.585,2011-07-01,1,,0
11,11,Bahnhof Herrliberg-Feldmeilen,General Wille Strasse 29,8706,Meilen,ZH,237448.485,688811.837,2004-01-01,2,,0
12,12,Bahnhof,,2502,Biel/Bienne,BE,222332.288,587210.3,1989-06-01,1,1989-11-01,1
13,13,,Mailand-Strasse 20,4053,Basel,BS,264843.482,612737.08,1979-01-01,2,,0
14,14,"in diversen Institutionen, Kunsträumen, öffentlichen Räumen",,,,,,,2000-01-01,2,2004-01-01,2
15,15,,10 rue des Vieux-Grenadiers,1205,Genève,GE,117210.982,499611.241,2006-01-01,2,2007-01-01,2
16,16,,Degenstrasse,6010,Kriens,LU,209745.966,663947.914,2017-09-01,1,,0
17,17,"Cube, Länggasse, ehemaliger Kiosk Ecke",Muesmattstrasse/Freiestrasse,3012,Bern,BE,200285.597,599211.77,2004-01-01,2,2007-01-01,2
18,17,"New Space, Speichergasse",Speichergasse 8,3011,Bern,BE,199955.284,600236.3,2007-01-01,2,2011-01-01,2
19,17,Ortsunabhängig Bern und Zürich,,,,,,,2012-01-01,2,2018-01-01,2
20,18,Atelier Judith Huber,Gerliswilstrasse 23,6020,Emmenbrücke,LU,213765.724,663865.018,2017-04-01,1,,0
21,19,,Hauptstrasse 45,5026,Densbüren,AG,256209.042,646700.785,2017-05-21,0,2017-11-01,1
22,20,nt/ Areal,Erlenstrasse 5-23,4058,Basel,BS,268681.757,612002.702,2001-01-01,2,2002-01-01,2
23,21,Diverse Orte,,,,,,,2003-06-29,0,2009-10-18,0
25,23,Holzpark Klybeck,Uferstrasse 40,4057,Basel,BS,269234.854,611148.96,2017-01-01,2,2017-01-01,2
26,25,,Bannstrasse 38,6312,Steinhausen,ZG,228337.571,679491.456,2008-01-01,2,,0
27,26,,Obere Plessurstrasse 22,7000,Chur,GR,190835.722,759332.637,2010-01-01,2,,0
28,26,Arte Hotel Begaglia,,7606,Promontogno,GR,133998,763130,2010-01-01,2,2013-01-01,2
29,26,Video Arte,Palazzo Castelmur,7605,Stampa,GR,,,2013-01-01,2,2015-01-01,2
30,26,Arte Albignia,en plein air,,,GR,154255,713362,2017-07-02,0,2017-09-30,0
31,26,Arte Castasegna,,7608,Castasegna,GR,133561.09,760068.72,2018-06-18,0,2018-10-21,0
32,27,,Glockengasse 4,9000,St. Gallen,SG,254501.544,746396.36,2017-11-09,0,2017-11-30,0
33,28,Schürhölzlistrasse,Glattpark,8152,Opfikon,ZH,252442.976,685216.685,2016-07-01,1,,0
34,29,,Röschibachstrasse 57,8037,Zürich,ZH,249770.521,682149.719,2007-05-01,1,2018-01-01,2
35,29,andernorts 2010,Sigi-Feigel-Terrasse,8001,Zürich,ZH,247739.728,682766.919,2007-05-01,1,2018-01-01,2
36,29,Luftlinie 2430 how the crow flies,im öffentlichen Raum,,Zürich,ZH,247945.169,682945.254,2011-09-01,1,2011-09-01,1
37,29,anderswo 2018,Hermetschloostrasse 77,8048,Zürich,ZH,249748.799,678162.897,2018-03-01,1,2018-03-01,1
38,29,KunstRaum 57 nomadisch,nomadisch,,,,,,2019-03-01,1,,0
39,30,,Steinbruchstrasse 6,7000,Chur,GR,191066.777,759846.562,2016-11-01,1,,0
40,30,,"""Zur Zeit auf Wanderschaft. Der Off-Space wird in unregelmässigen Abständen und an verschiedenen Orten vorzu organisiert"" [Anmerkung Redaktion: Stand 27.1.2018]",,,,,,2016-11-01,1,,0
41,31,,"Bahnhofstrasse 6 
Bahnhofstrasse 8",6072,Sachseln,OW,191292.753,661030.106,2009-01-01,2,2013-01-01,2
42,32,,Isteinerstrasse 92,4058,Basel,BS,268515.583,612112.504,2014-01-01,2,,0
43,33,,Diverse Orte im In- und Ausland,,,,,,2012-01-01,2,,0
44,34,digital,,,,,,,2006-01-01,2,2011-01-01,2
45,35,,Voltastrasse 41,4056,Basel,BS,268889.83,610626.015,2017-01-01,2,2019-01-01,2
46,36,kunsthale roggwil-wynau k r-w,,4914,Roggwil,BE,232251.377,628738.931,1997-08-11,0,2000-04-30,0
47,36,,Seevorstadt 71,2502,Biel/Bienne,BE,222084.884,586216.73,1998-01-01,2,,0
48,37,,Kellerstrasse 25,6005,Luzern,LU,210525.774,666398.871,2016-01-09,0,,0
49,39,,Meinrad-Lienert-Strasse 5,8003,Zürich,ZH,247587.338,681577.64,2018-01-01,1,,0
50,40,,Industriestrasse,6440,Brunnen,SZ,206348.53,689266.63,2013-01-01,2,2016-11-01,0
51,41,,Hornbachstrasse 62,8008,Zürich,ZH,245634.132,684455.548,2001-10-26,0,2001-12-01,0
52,41,,Seefeldstrasse 9,8008,Zürich,ZH,246578.766,683844.816,2003-03-01,1,2004-12-01,1
53,42,BlackBox,,,,AG,,,1999-01-01,2,,0
54,43,Ausstellungen sind Nomadisch,Waisenhausplatz 30,3011,Bern,BE,199890.154,600407.545,2012-01-01,2,2014-09-01,1
55,44,,Stauffacherstrasse 9a,3014,Bern,BE,200960.859,601205.372,2009-12-01,1,,0
56,45,,Rue des Maraîchers 36,1205,Genève,GE,117200.125,499440.241,2012-01-01,2,,0
57,46,c/o suti galerie - Gerberngasse,Gerberngasse,3011,Bern,BE,199694.312,601479.127,1984-01-01,2,2000-01-01,2
58,46,c/o suti galerie - Lorrainestrasse,Lorrainestrasse 21,3013,Bern,BE,200662.612,600465.302,2000-01-01,2,2009-01-01,2
59,48,,Seevorstadt 73,2502,Biel/Bienne,BE,220885.529,584906.271,2000-01-01,2,,0
60,49,Rägeboge-Zentrum,Zürichstrasse 43,6004,Luzern,LU,212297.924,666156.194,1978-01-01,2,1982-01-01,2
61,49,Rägeboge-Zentrum,Zürichstrasse 43,6004,Luzern,LU,212297.924,666156.194,1982-01-01,2,1988-01-01,2
62,50,,Rue Dr. César-Roux 4,1005,Lausanne,VD,152878.614,538517.955,2008-01-01,2,2012-09-13,0
63,51,,Forelstrasse,3072,Ostermundigen,BE,200994.174,603321.076,1984-01-01,2,1984-01-01,2
64,52,Chez Alternative,Rue des Rois 25,1204,Genève,GE,117510.264,499658.138,2013-01-01,2,,0
65,53,diverse Orte,,5080,Laufenburg,AG,267794.704,647275.426,1953-01-01,2,,0
66,53,,"Diverse Orte
DE-79725 Laufenburg",,,,,,1953-01-01,2,,0
67,54,,Sihlquai 125,8005,Zürich,ZH,248789.679,682714.234,2015-08-01,1,,0
68,55,,Schwimmbadstrasse,5430,Wettingen,AG,257459.259,665766.743,1988-11-01,1,1999-01-01,2
69,56,,Avenue des Oiseaux 7,1018,Lausanne,VD,153732.033,537881.088,2011-01-01,2,,0
70,57,,Lagerplatz 21,8400,Winterthur,ZH,261160.661,696420.188,2015-12-01,1,2017-11-01,1
71,58,,Brandstrasse 11,8952,Schlieren,ZH,250526.553,676139.374,2013-05-01,1,2015-12-01,1
72,59,,Mühledorfstrasse 18,3018,Bern,BE,199417.537,596337.249,2007-01-01,2,,0
73,60,Schlosshotel Brestenberg,Brestenbergstrasse 8,5707,Seengen,AG,241294.112,658194.399,1978-08-23,0,1978-08-29,0
74,61,,,3000,Bern,BE,199194.107,595691.186,2012-01-01,2,,0
75,62,,Stadtturm,5400,Baden,AG,258582.932,665397.031,1992-12-01,1,1993-03-01,1
76,63,,Brauerstrasse 126,8004,Zürich,ZH,248274.462,681868.3,2009-10-01,1,,0
77,64,,Badenerstrasse 97,8004,Zürich,ZH,247584.735,682078.884,2001-01-01,2,2004-01-01,1
78,65,beim Bahnhof Winterthur-Wülflingen,Wieshofstrasse 108,8408,Winterthur,ZH,262509.628,693609.892,2002-01-01,2,,0
79,66,,,,Zürich,ZH,247945.169,682945.254,2008-01-01,2,2009-01-01,2
80,67,dans un appartement,Rue des Amis,1201,Genève,GE,118462.052,499826.483,1994-01-01,2,,0
81,68,,Via Luigi Canonica 12,6900,Lugano,TI,96155.907,717687.22,2013-06-01,1,,0
82,69,,Rue du Stand 37,1204,Genève,GE,117738.026,499637.48,1981-01-01,2,,0
83,70,,Belpstrasse 42,3007,Bern,BE,199109.668,599470.707,1984-01-01,2,1984-01-01,2
84,71,,Kellerweg,8055,Zürich,ZH,246852.614,679609.999,2000-01-01,2,2000-01-01,2
86,73,,Haldenstrasse 5,9000,St. Gallen,SG,253964.68,745927.15,2016-01-01,2,,0
87,74,Bahnhofunterführung,Zürich-Selnau,8001,Zürich,ZH,247111.163,682686.902,1991-01-01,2,1995-01-01,2
88,75,Zentrum Neumarkt,Hofwiesenstrasse 350,8050,Zürich,ZH,251648.008,683323.785,1981-01-01,2,1989-01-01,2
89,76,,Stationsstrasse 21,8003,Zürich,ZH,247391.509,681607.786,2001-02-01,1,2015-12-01,1
90,78,,Grabenstrasse 33,9500,Wil,SG,258629.929,721543.164,2009-01-01,2,,0
91,78,,Marktgasse 88,9500,Wil,SG,258662,721473,,0,2009-01-01,2
92,79,,,,Zürich,ZH,247945.169,682945.254,1980-01-01,2,1990-01-01,2
93,80,,22 Rue de Berne,1201,Genève,GE,118462.747,500243.656,1995-01-01,2,2005-01-01,2
94,81,,"39, rue des Bains",1205,Genève,GE,117242.566,499548.306,2004-01-01,2,,0
95,82,Galerie Toni Gerber (Nydeggstalden),Nydeggstalden 24,3011,Bern,BE,199786.761,601383.506,1964-01-01,2,1968-01-01,2
96,82,,Gerechtigkeitsgasse 23/74,3011,Bern,BE,199683.304,601235.388,1968-01-01,2,1968-01-01,2
97,83,,Waldstätterstrasse 31,6003,Luzern,LU,211033.569,666181.54,1986-01-01,2,1990-01-01,2
98,83,,Industriestrasse 9,6005,Luzern,LU,210409.026,666335.474,1990-01-01,2,1993-01-01,2
99,83,,Eichwaldstrasse 27a,6005,Luzern,LU,,,1994-01-01,2,1999-01-01,2
100,84,Zentrum Wipkingen,Röschibachstrasse 22,8037,Zürich,ZH,249662.144,681992.175,2011-10-01,1,,0
101,85,,Quartier des Bains,1205,Genève,GE,,,2005-01-01,2,2009-01-01,2
102,86,,"Bernerstrasse Nord 180
1. Stock",8064,Zürich,ZH,249925.231,679161.835,2014-01-01,2,,0
103,87,,Rond-Point de Plainpalais,1205,Genève,GE,117145.967,499968.852,1993-01-01,2,1993-01-01,2
104,88,Utopiana,21 avenue des Eidguenots,1203,Genève,GE,117944.144,498161.581,2010-01-01,2,,0
105,89,,via alla Morettina 2,6600,Locarno,TI,113527.67,703906.91,1996-03-01,1,,0
106,90,OG9,Lagerstrasse 98,8004,Zürich,ZH,248260.909,682350.654,2012-08-01,1,2014-11-01,1
107,90,Kunstplattform akku,Gerliswilstrasse 23,6020,Emmenbrücke,LU,213765.724,663865.018,2014-11-01,1,2014-12-01,1
108,90,Galerie Bob Gysin,Ausstellungsstrasse 24,8005,Zürich,ZH,248472.971,682937.214,2015-09-01,1,2016-03-01,1
109,90,Galerie Lullin + Ferrari,Limmatstrasse 214,8005,Zürich,ZH,249120.403,682218.695,2016-10-26,0,2017-03-07,0
110,90,videobrasil,"Av. Imperatriz Leopoldina 1150 
Vila Leopoldina","SP, 05305-002","São Paulo, Brasilien",,,,2017-07-05,0,2017-09-30,0
111,90,Galerie Mark Müller,Hafnerstrasse 44,8005,Zürich,ZH,248445.553,682900.154,2018-01-16,0,2018-05-15,0
112,91,,Badenerstrasse 565,8048,Zürich,ZH,248650.636,679969.894,,0,,0
113,91,,Bachmattstrasse 59,8048,Zürich,ZH,249215.499,678905.419,2015-09-01,1,2015-11-01,1
114,91,,Florastrasse 52,8008,Zürich,ZH,246245.011,684178.956,2016-05-01,1,2016-05-01,1
115,91,,Badenerstrasse 849,8048,Zürich,ZH,249683.154,678028.316,2016-12-01,1,2016-12-01,1
116,92,Förrlibuckstrasse 62,Förrlibuckstrasse 62,8005,Zürich,ZH,249575.895,681263.844,2016-01-01,2,2011-01-01,2
117,92,,Pfingstweidstrasse 96,8005,Zürich,ZH,249423.421,680993.604,2016-01-01,2,2011-01-01,2
118,93,,Luegislandstrasse 105,8051,Zurich,ZH,251417.244,685253.903,2014-03-01,1,,0
119,94,Kiosk Quellenstrasse,Limmatstrasse 197,8005,Zürich,ZH,248999.952,682294.237,2012-01-01,2,2013-01-01,2
120,95,,Bertastrasse 2,8003,Zürich,ZH,247747.584,681377.514,2011-01-01,2,,0
121,95,zURBS - sozial-artistisches Stadtlabor für Zürich,Werdmühleplatz,8001,Zürich,ZH,247735.472,683167.67,2011-01-01,2,,0
122,96,,Grubenstrasse 15,8045,Zürich,ZH,246199.734,681389.836,2015-02-01,1,2015-09-01,1
123,98,,Uetlibergstrasse 99,8045,Zürich,ZH,246172.864,681550.264,2000-02-01,1,2000-03-27,0
124,99,,,,,ZH,,,2003-01-01,2,,0
125,100,,Hardstrasse 316,8005,Zürich,ZH,249362.64,681816.782,1998-05-01,0,1998-05-01,0
126,101,Röntgen-Areal,Neugasse 91,8005,Zürich,ZH,248606.843,682116.554,2004-01-01,2,2011-01-01,2
127,101,Röntgenplatz,Röntgenstrasse 48,8005,Zürich,ZH,248778.014,682192.612,2004-01-01,2,2011-01-01,2
128,102,,diverse Orte,,,GE,,,2005-01-01,2,,0
129,103,,Ausstellungsstrasse 25,8005,Zürich,ZH,248458.954,682915.505,,0,,0
130,104,Pfingstweid Park,Pfingstweidstrasse 91,8005,Zürich,ZH,249123.22,680993.318,2015-01-01,2,2017-01-01,2
131,105,,Mutschellenstrasse 2,8002,Zürich,ZH,245291.716,682221.724,2012-12-01,1,,0
132,106,,Müllerstrasse 43,8004,Zürich,ZH,247711.469,682392.914,2011-01-01,1,,0
133,107,,Sihlquai 55,8005,Zürich,ZH,248481.616,682995.401,2009-12-01,1,,0
134,108,,Prättigau,,,GR,198484.778,782034.037,2009-01-01,2,2013-01-01,2
135,109,,Löwenplatz 11,6004,Luzern,LU,212141.305,666272.595,1985-01-01,2,1996-01-01,2
136,110,,Müllerstrasse 67,8004,Zürich,ZH,247806.826,682314.734,1999-01-01,2,2001-01-01,2
137,111,,,,,ZH,,,,0,,0
138,112,,Rue des Roches 35,2610,Saint-Imier,BE,222554.428,566284.556,2010-11-01,1,2012-02-01,1
139,113,,Geissensteinring 41,6005,Luzern,LU,210395.971,666519.818,1988-06-04,0,2007-11-05,0
140,114,Sulzerareal,Katharina Sulzer-Platz,8400,Winterthur,ZH,261367.724,696427.048,1999-01-01,2,,0
141,115,,Kanzleistrasse 222,8004,Zürich,ZH,248109.42,681405.942,,0,,0
142,116,,Ankerstrasse 6,8004,Zürich,ZH,247428.188,681974.614,1996-01-01,2,1997-01-01,2
143,116,message salon Wohnwagen,,,,ZH,,,1998-01-01,2,2000-01-01,2
144,116,,Rigiplatz,8006,Zürich,ZH,248819.769,683813.635,2001-01-01,2,2006-01-01,2
145,116,message salon Perla Mode,Langstrasse 84,8004,Zürich,ZH,248008.557,682173.197,2006-01-01,2,2013-01-01,2
146,116,message salon en route,en route,,,ZH,204307.617,556376.609,2011-01-01,2,2016-01-01,2
147,116,message salon embassy,"diverse Orte:
Grubenstrasse 15, 8045 Zürich
Tbilisi, Georgien
25h Hotel, Langstrasse 150, 8004 Zürich
Hunzikerareal, Dialogweg 6, 8050 Zürich",,,ZH,,,2015-01-01,2,,0
148,116,message salon Ferienkolonie,,,,AI,,,1998-08-01,1,1998-10-01,1
149,117,ehemaliger Stadtbahnhof,,5600,Lenzburg,AG,247809.277,656003.286,1976-01-01,2,2000-01-01,2
150,117,Galerie Elisabeth Staffelbach,Laurenzentorgasse 14,5000,Aarau,AG,249323.452,645803.983,2000-01-01,2,,0
151,118,Aktionsraum 3ième étage,Kapellstrasse 26,2540,Grenchen,SO,227184.42,596834.328,1998-01-01,2,2003-01-01,2
152,119,,Jurastrasse 12,4900,Langenthal,BE,229180.688,626618.394,1976-01-01,2,,0
153,120,,,,Genève,GE,117866.446,500005.939,1991-01-01,2,1993-01-01,2
154,121,,Hofstettenstrasse 4,3600,Thun,BE,178502.432,614830.302,,0,,0
155,121,Selveareal,Scheibenstrasse 6,3600,Thun,BE,178848.765,614158.636,,0,,0
156,123,,,,Biel,BE,222084.884,586216.73,,0,,0
157,124,,,,Basel,BS,267109.358,611723.45,1992-01-01,2,1992-01-01,2
158,125,,Luiesta Sut 5,7016,Trin Mulin,GR,188849.451,744230.459,2011-01-01,2,2013-01-01,2
159,126,Kunstpanorama,Löwenplatz 11,6004,Luzern,LU,212141.305,666272.595,2002-01-01,2,2007-01-01,2
160,128,,Feldbergstrasse 40,4057,Basel,BS,268379.959,611397.93,,0,,0
161,129,Espace 27 - Usine Kugler,Rue de la Truite 4bis,1205,Genève,GE,117551.619,498678.366,2006-01-01,2,,0
162,130,TaB Theater am Bahnhof,Tunaustrasse 5,5734,Reinach AG,AG,233508.583,656539.045,1984-11-16,0,,0
163,131,Meerhaus,Effingerstrasse 21,3008,Bern,BE,199408.876,599664.465,1986-01-01,2,1986-01-01,2
164,132,76 Acacias,Route des Acacias 76,1227,Carouge,GE,116018.225,498929.941,2017-01-01,2,,0
165,132,Les Saules,Sentier des Saules 3,1205,Genève,GE,117628.678,499060.161,2017-01-01,2,,0
166,133,,Gerechtigkeitsgasse 1,3011,Bern,BE,199715.064,601293.32,1995-01-01,2,1997-01-01,2
167,134,,Avenue de la Harpe 45,1007,Lausanne,VD,151150.463,537640.903,2006-01-01,2,2014-01-01,2
168,135,,,,Lausanne,VD,153352.475,539699.59,1975-01-01,2,1979-01-01,2
169,136,,Hirschmattstrasse 30a,6003,Luzern,LU,211131.24,665956.284,2007-12-01,1,2020-01-01,1
170,137,Altstadt,,3011,Bern,BE,198583.967,600003.607,1947-01-01,2,1982-01-01,2
171,138,,Rorschacher Str. 48,9000,St. Gallen,SG,254714.517,746709.273,2010-01-01,2,2017-11-01,1
172,139,,Steinbruchstrasse 4A,7000,Chur,GR,191026.663,759831.919,2007-01-01,2,2014-12-01,1
173,140,,Rössligasse 12,6004,Luzern,LU,211609.004,665789.403,1995-01-01,2,2016-01-01,2
174,141,,Place du Tunnel,1005,Lausanne,VD,152922.503,538304.404,2016-01-01,1,,0
175,142,,,6002,Luzern,LU,,,1987-01-01,2,,0
176,143,,Randweg 9,3013,Bern,BE,200628.958,600361.003,2012-01-01,2,,0
177,144,,Rue Subilia 45,1227,Carouge,GE,115945.747,498929.944,2012-01-01,2,,0
178,145,,,8002,Zürich,ZH,246482.335,682289.928,2003-01-01,2,2008-01-01,2
179,146,,Ausstellungsstrasse 112,8005,Zürich,ZH,248770.795,682599.234,2000-01-01,2,2002-01-01,2
180,148,,Frankengasse 30,8001,Zürich,ZH,247161.386,683655.054,2002-10-30,0,2003-05-01,1
181,148,Les Complices* Anwandstrasse,Anwandstrasse 9,8004,Zürich,ZH,247810.958,682011.876,2003-06-01,1,,0
182,149,OMA-Halle,Industriestrasse 44,5000,Aarau,AG,249262.492,646795.513,2007-05-04,0,2007-05-20,0
183,151,,Küttigerstrasse 12,5000,Aarau,AG,249723.87,645485.286,1976-06-11,0,1976-06-13,0
184,152,,Langstrasse 113a,8004,Zürich,ZH,248163.743,682188.892,2016-01-01,1,,0
185,153,,Idastrase 46,8003,Zürich,ZH,247523.577,681298.691,2016-01-01,2,,0
186,154,,Neustadtgasse 11,8001,Zürich,ZH,247156.114,683553.704,2013-01-01,2,,0
187,155,,"6, rue du Pré-Naville",1207,Genève,GE,118011.958,501543.526,1988-01-01,2,1988-01-01,2
188,156,,Schachenstrasse 15a,6010,Kriens,LU,209688.627,663939.703,2012-06-01,1,2016-01-01,2
189,157,,Anwandstrasse 67,8004,Zürich,ZH,247940.214,681747.8,2016-03-01,1,,0
190,158,Gewerbezentrum Mattenhof,Bahnhofstrasse 4,3073,Gümligen,BE,198153.537,605141.296,1980-10-01,1,1983-01-01,2
191,159,,Place du Tunnel,1005,Lausanne,VD,152922.503,538304.404,2009-01-01,2,,0
192,160,,15 rue des Vollandes,1207,Genève,GE,117859.832,501366.257,1987-01-01,2,,0
193,161,Dienstgebäude SBB,Weichengasse 4,8004,Zürich,ZH,248314.915,682226.983,2008-09-01,1,2011-02-01,1
194,161,,Töpferstrasse 26,8045,Zürich,ZH,245967.951,681286.356,2011-09-01,1,,0
195,162,,Avenue de Miremont 35b,1206,Genève,GE,116067.425,501132.484,1996-01-01,2,,0
196,163,,Zürcherstrasse 40/42,8620,Wetzikon,ZH,242461.075,701884.837,1980-01-01,2,,0
197,164,,,,,ZH,,,1997-01-01,2,2000-01-01,2
198,165,,Val Schons,7443,Pignia,GR,164306,753131,2010-08-01,1,2010-10-01,1
199,166,diverse Orte,,9000,St. Gallen,SG,253242.022,744318.056,2009-11-19,0,,0
201,168,,Rämistrasse 24,8001,Zürich,ZH,246981.347,683782.685,2015-03-01,1,2015-04-01,1
202,169,,verschiedene Berggasthäuser,,,AR,,,2002-01-01,2,2006-01-01,2
203,169,,verschiedene Berggasthäuser,,,AI,,,2002-01-01,2,2006-01-01,2
204,170,,,,,GE,,,,0,,0
205,171,,Josefstrasse,8005,Zürich,ZH,248348.068,682742.694,,0,,0
206,172,,Hohlstrasse 258,8004,Zürich,ZH,248632.367,681362.239,2012-01-01,2,,0
207,173,,Avenue de Rosement 5,1208,Genève,GE,,,1997-12-01,1,2006-12-01,1
208,174,Höfli-Kaserne,,6460,Altdorf,UR,191769,691707,1986-05-13,0,1986-06-01,0
209,175,,,,Zürich,ZH,247945.169,682945.254,2014-01-01,2,2014-01-01,2
210,176,Marbiers 4,Rue Jean-Antoine-Gautier 18,1201,Genève,GE,118881.067,500516.91,2012-01-01,2,,0
211,177,,Avenue Ernest-Pictet 28,1203,Genève,GE,118796.623,498604.473,2008-01-01,2,,0
212,178,,Müllerstrasse 57,8004,Zürich,ZH,247765.821,682350.855,2013-08-01,1,2017-06-01,1
213,179,,,,Zürich,ZH,247945.169,682945.254,,0,,0
214,180,,Ankerstrasse 25,8004,Zürich,ZH,247522.295,681995.164,2002-08-01,1,2009-01-01,2
215,181,,,,Winterthur,ZH,261707.351,697548.755,1992-01-01,2,1992-01-01,2
216,182,,Lutherstrasse 30,8004,Zürich,ZH,247652.699,682329.193,1997-02-01,1,1999-07-01,1
217,183,,Freigutstrasse 15,8002,Zürich,ZH,246904.761,682527.083,1997-01-01,2,1998-01-01,2
218,184,,Gaswerkstrasse 15,8952,Schlieren,ZH,250802.373,677358.999,1984-01-01,2,2017-01-01,2
219,185,,Englischviertelstrasse 7,8032,Zürich,ZH,247047.065,684343.303,1974-01-01,2,1974-01-01,2
220,186,rund um das Seebecken,,9320,Arbon,TG,264515.305,749359.653,2009-01-01,2,2011-01-01,2
221,187,,Wolfbachstrasse 9,8032,Zürich,ZH,247252.073,683984.025,2013-03-01,1,2017-04-01,1
222,188,,,,St. Gallen,SG,254360.718,745241.516,1991-01-01,2,1991-01-01,2
223,189,,Bertastrasse 6,8003,Zürich,ZH,247731.208,681356.794,2015-03-19,0,2015-03-28,0
224,190,Schulhaus Hüttenschwende,,9043,Trogen,AR,253125.593,752757.213,1982-10-02,0,1982-11-13,0
225,191,,Auquasanastrasse 30/32,7000,Chur,GR,190845.48,759365.56,1982-01-01,2,1984-06-01,1
226,192,,,,Zürich,ZH,247945.169,682945.254,1991-01-01,2,1991-01-01,2
227,193,,Schöneggstrasse 5,8004,Zürich,ZH,248224.071,682209.313,1989-01-01,2,,0
228,194,,Zypressenstrasse 41,8003,Zürich,ZH,247936.571,681082.901,,0,,0
229,194,Oleoturm,"Steinfelsareal
Heinrichstrasse 267",8005,Zürich,ZH,249246.371,681783.556,1995-01-01,2,1995-01-01,2
230,194,nomadisch,diverse Orte,,,,,,1996-01-01,2,,0
231,195,,Limmatstrasse 87,8005,Zürich,ZH,248573.037,682697.331,1978-01-01,2,1981-01-01,2
232,196,,Ankerstrasse 11,8004,Zürich,ZH,247459.685,681966.163,1998-01-01,2,2001-01-01,2
233,197,"Industrieareal Nova Brunnen, H37",Industriestrasse 7,6440,Brunnen,SZ,206440.342,689238.007,2016-06-24,0,2016-07-16,0
234,198,Bernegg-Stollen,Bernegg,9000,St. Gallen,SG,254097.572,746129.508,1994-01-01,2,1997-01-01,2
235,199,,Péreuses 6B,2000,Neuchâtel,VD,206951.75,563879.25,2015-01-01,2,,0
236,200,Hypocrite,4 Rue du Panorama,1800,Vevey,VD,145522.088,554544.629,2006-01-01,2,2006-01-01,2
237,200,Rêve d'Escabeau,Quai Pardonnet,1800,Vevey,VD,145252.303,554912.758,2013-10-01,0,2013-10-22,0
238,200,Bang Bang Stories,Rue du Bourg-aux-Favres 24,1870,Monthey,VD,122404.717,561976.944,2009-10-14,0,2009-11-01,0
239,200,Apo-calypse – Ancienne usine,,1815,Clarens,VD,143278.757,558030.752,2012-11-16,0,2012-12-21,0
240,200,Société Satiété,Quai Pardonnet,1800,Vevey,VD,145252.303,554912.758,2013-10-01,0,2013-10-22,0
241,200,Circulate,Ruelle des Anciens Fossés 8,1800,Vevey,VD,145526.512,554250.358,,0,,0
243,202,,Avenue du Chablais 18,1008,Prilly,VD,153048,535780,2007-01-01,2,2011-01-01,2
244,203,Wartsaal 3,Helvetiaplatz,,Bern,BE,199237.3,600752.632,2001-01-01,2,2007-01-01,2
245,204,-,Maihofstrasse 3,6004,Luzern,LU,212619.759,666086.111,1988-01-01,2,1988-01-01,2
246,205,,Klingenstrasse 23,8005,Zürich,ZH,248462.797,682659.687,2017-04-12,0,,0
247,206,,Davidstrasse,9000,St. Gallen,SG,254052.911,745836.072,1994-01-01,2,1999-01-01,2
248,207,,Wildbachstrasse 7,8400,Winterthur,ZH,261264.879,697408.644,2008-01-01,2,,0
249,207,,Wartstrasse 17,8400,Winterthur,ZH,261935.178,696653.427,2008-01-01,2,,0
250,207,,Untere Vogelsangstrasse 11,8400,Winterthur,ZH,261529.058,696772.767,2008-01-01,2,,0
251,208,Leavingroom an der Bonstettenstrasse 6,Bonstettenstrasse 6,3012,Bern,BE,200781.148,599887.401,2012-10-27,0,2012-10-28,0
252,208,Leavingroom an der Schwarzenburgstrasse 101,Schwarzenburgstrasse 101,3097,Liebefeld,BE,198104.548,598849.529,2012-07-19,0,2012-07-20,0
253,208,Leavingroom an der Attinghausenstrasse 19,Attinghausenstrasse 19,3014,Bern,BE,201099.432,601334.332,2011-07-27,0,2011-07-28,0
254,208,Leavingroom am Bollwerk 41,Bollwerk 41,3011,Bern,BE,200055.665,600239.813,2011-04-25,0,2011-04-26,0
255,209,,,,Bern,BE,200393.385,596671.186,,0,,0
256,210,,Dorfstrasse 22/24,3084,Wabern bei Bern,BE,,,2014-01-01,2,,0
257,211,,Ulmenweg 9,3013,Bern,BE,200488.877,600385.87,1988-01-01,2,1993-01-01,2
258,211,,Lorrainestrasse 17,3013,Bern,BE,200634.405,600458.115,1993-01-01,2,2001-01-01,2
259,211,Kunstkanal (Wylerringstrasse),Wylerringstrasse 7,3014,Bern,BE,201179.591,600709.878,,0,,0
260,211,Kunstkanal BEFRISTET,Wylerringstrasse 7,3014,Bern,BE,201179.591,600709.878,2016-05-01,1,2016-05-01,1
261,211,Kunstkanal (Medienzentrum),Bundesgasse 8,3011,Bern,BE,199530.614,600317.313,2017-09-01,1,2017-09-01,1
262,211,Kunstkanal (Kiosk),,,,,,,2000-07-01,1,2000-09-01,1
263,212,,Rue Charles-Humbert 9,1205,Genève,GE,117357.75,499660.75,2013-01-01,2,2016-01-01,2
264,213,,Rue Ecole de Médecine 6,1205,Genève,GE,117061.783,499643.878,2013-05-01,1,2015-01-01,2
265,214,,,,Bern,BE,200393.385,596671.186,,0,,0
266,215,PAC,,,Fribourg,FR,183600.105,578714.62,1998-01-01,2,2004-01-01,2
267,216,,Römerstrasse 1,4500,Solothurn,SO,228204.142,607160.761,1982-01-01,2,,0
268,218,Vitrine Gare CFF - passage sous-voies est,Place de la Gare,1003,Lausanne,VD,152032.629,538014.237,2009-01-01,2,,0
269,219,,,,,VS,,,,0,,0
270,220,"Altstadt, diverse Orte",,3000,Bern,BE,199194.107,595691.186,2012-01-01,2,,0
271,221,CO-Labor Seftingerstrasse,Seftigenstrasse 16,3007,Bern,BE,198586.673,599497.389,,0,,0
272,221,CO-Labor Platanenweg,Platanenweg 4,3013,Bern,BE,200748.442,600411.478,2014-03-25,0,2014-09-01,1
273,222,ECART,Rue Plantamour 6,1201,Genève,GE,118372.425,500457.299,1969-01-01,2,1982-01-01,2
274,223,,Bärengasse 29,8001,Zürich,ZH,247071.912,682925.345,2014-01-01,2,2015-01-01,2
275,223,,Sihlquai 125,8005,Zürich,ZH,248789.679,682714.234,2017-01-01,2,,0
276,224,,Rue de l'Evêché,1204,Genève,GE,117512.751,500402.074,1976-01-01,2,1992-01-01,2
277,225,,Hohlstrasse 100,8004,Zürich,ZH,248182.929,681886.063,2013-01-01,2,2014-01-01,2
278,226,diverse Orte,,9050,Appenzell,AI,244456.994,749519.565,2002-01-01,2,2007-01-01,2
279,227,,"Restaurant Iroquois
Seefeldstrasse 120",8008,Zürich,ZH,245876.185,684238.173,2014-01-01,2,,0
280,228,,,,Lausanne,VD,153352.475,539699.59,1968-01-01,2,1975-01-01,2
281,229,,,,,BE,,,2009-01-01,2,,0
282,230,,Schlossplatz,5000,Aarau,AG,249356.093,645806.922,1982-01-01,2,1985-01-01,2
283,230,,Ziegelrain 4,5000,Aarau,AG,249161.059,645726.856,1985-01-01,2,2012-01-01,2
284,230,Goldenes Kalb Trudelhaus,Obere Halde 36,5400,Baden,AG,258408.648,665638.309,2012-01-01,2,,0
285,231,PROGR Zentrum für Kulturproduktion,Waisenhausplatz 30,3011,Bern,BE,199890.154,600407.545,2013-10-01,1,,0
286,232,Versuchsanordnung 1,Gutenbergstrasse 10,3011,Bern,BE,199338.078,599763.247,2011-01-03,0,2012-01-19,0
287,232,Versuchsanordnung 2 und 3,Holligerhof 8,3008,Bern,BE,199634.72,598258.594,2012-11-30,0,2014-02-28,0
288,232,Versuchanordnung 4,Bollwerk 12,3011,Bern,BE,199987.65,600139.858,2015-01-09,0,2015-02-13,0
289,232,Versuchsanordnung 5,Aktionsorte im Quartier Bern-Holligen,,Bern,BE,200393.385,596671.186,2016-01-29,0,2016-03-11,0
290,233,,Rue de la Combette 8,1008,Prilly,VD,153446.216,535975.078,2016-01-01,1,,0
291,234,,,1227,Carouge,GE,116006.048,499574.131,1979-01-01,2,1979-01-01,2
292,235,,Rue de parcs 104,2000,Neuchâtel,NE,204480.064,559676.985,2010-04-01,1,,0
293,236,Vereinsakivitäten,diverse Orte,,Zürich,ZH,,,2007-01-01,2,,0
294,236,OG 9,Lagerstrasse 98,8004,Zürich,ZH,248260.909,682350.654,2012-08-01,1,2014-01-01,1
295,236,Rote Fabrik,Seestrasse 395,8038,Zürich,ZH,244213.444,682905.432,2015-04-01,1,2015-06-01,1
296,236,Filiale Flüela,Flüelastrasse 32,8047,Zürich,ZH,248432.993,679730.513,2018-06-01,1,,0
297,237,Vertiefung Mediale Künste,Shilquai 131,8005,Zürich,ZH,,,2014-01-01,2,2015-01-01,2
298,237,,Stationsstrasse 21,8003,Zürich,ZH,247391.509,681607.786,2014-01-01,2,2015-01-01,2
299,237,Toni-Areal,Pfingstweidstrasse 96,8005,Zürich,ZH,249423.421,680993.604,2014-01-01,2,2015-01-01,2
300,238,,Avenue Ernest-Pictet 28,1203,Genève,GE,118796.623,498604.473,1996-09-01,1,2013-01-01,2
301,239,,Gerechtigkeitsgasse 12,3011,Bern,BE,199753.582,601292.853,1978-01-01,2,1993-01-01,2
302,240,Ehemaliges Schoeller-Areal,Hardturmstrasse 129,8005,Zürich,ZH,249621.666,681173.761,1989-01-01,2,1996-12-01,1
303,241,,Motorenstrasse 14,8005,Zürich,ZH,248810.977,682311.563,1997-01-01,2,1998-01-01,2
304,242,,Wasserwerkstr. 13,8006,Zürich,ZH,248601.217,683175.976,2016-01-01,2,,0
305,243,Ecke Langstrasse-Brauerstrasse,Langstrasse 84,8004,Zürich,ZH,248008.557,682173.197,2006-01-01,2,2015-01-01,2
306,244,,Jakob-Signerstrasse 5,9050,Appenzell,AI,,,2000-01-01,2,,0
307,246,,diverse Orte,,,ZG,,,1987-01-01,2,2016-01-01,2
308,247,,Militärstrasse 76,8004,Zürich,ZH,248099.896,682435.16,2004-01-01,2,,0
309,249,,,2900,Porrentruy,JU,253392.318,573107.785,1996-01-01,2,1998-01-01,2
310,250,,Idastrasse 46,8003,Zürich,ZH,247523.577,681298.691,2014-06-01,1,2015-02-01,1
311,251,,Zürcherstrasse 20,9000,St. Gallen,SG,,,1980-01-01,2,1982-01-01,2
312,251,,St. Jakob-Strasse 10,9000,St. Gallen,SG,254887.862,746301.63,,0,,0
313,252,Im Hofraum der Stadelhofer Passage,Stadelhoferstrasse 28,8001,Zürich,ZH,246892.267,683735.575,2013-10-01,1,,0
314,253,,Rue de Montbrilliant 24,1201,Genève,GE,118697.34,499890.118,2004-01-01,2,,0
315,254,Kugellagerfabrik SRO,,,Zürich,ZH,247945.169,682945.254,,0,,0
316,254,Lagerhalle,,,Zürich,ZH,247945.169,682945.254,1994-01-01,2,1994-01-01,2
317,254,Shedhalle; Merry-go-Round,Seestrasse 395,8038,Zürich,ZH,244213.444,682905.432,,0,,0
318,254,Kunstphase Schlieren,,8952,Schlieren,ZH,248953.878,676424.688,1998-01-01,2,1998-01-01,2
319,254,Artothek,Militärstrasse 76,8004,Zürich,ZH,248099.896,682435.16,2003-01-01,2,2003-01-01,2
320,255,Remake Mediacampus,Baslerstrasse 30,8048,Zürich,ZH,248778.317,680348.145,1986-01-01,2,1996-01-01,2
321,255,Nähe des Hauptbahnhofs,Bahnhofplatz,8001,Zürich,ZH,247914.467,683274.246,,0,,0
322,255,Langstrasse,Langstrasse,8004,Zürich,ZH,247633.279,682008.998,,0,,0
323,255,Konradstrasse,Konradstrasse,8005,Zürich,ZH,248247.498,682959.676,,0,,0
324,255,Shedhalle,Seestrasse 395,8038,Zürich,ZH,244213.444,682905.432,,0,,0
325,256,,Boulevard Saint-Georges 5,1205,Genève,GE,117496.791,499081.992,2008-01-01,2,,0
326,257,,Escher-Wyss-Platz,8005,Zürich,ZH,249461.469,681830.799,1995-01-01,2,2001-01-01,2
327,259,nomadisch,,,,BE,,,2008-04-01,1,2012-12-01,1
328,260,Hauptbahnhof,Bahnhofplatz,8001,Zürich,ZH,247914.467,683274.246,1994-01-01,2,1994-01-01,2
329,262,Perla-Moda,Langstrasse 84,8004,Zürich,ZH,248008.557,682173.197,2007-03-03,0,2007-03-23,0
330,262,Palace St.Gallen,Zwinglistrasse 3,9000,St. Gallen,SG,254676.976,745936.913,2008-02-01,1,2008-02-01,1
331,262,Pavillon Platzspitz-Park,Platzspitz,,Zurich,ZH,248346.684,683140.854,2009-08-15,0,2009-08-15,0
332,263,,Nydeggstalden 26,3011,Bern,BE,199777.159,601377.6,2013-02-01,1,2013-11-01,1
333,264,,Luegislandstrasse 105,8051,Zürich,ZH,251417.244,685253.903,2014-03-01,1,,0
334,265,Zürich,,,Zürich,ZH,247945.169,682945.254,1968-10-01,1,1972-07-01,1
336,266,,Loryplatz,3008,Bern,BE,199263.519,598730.31,2007-01-01,2,2010-01-01,2
337,267,,Predigerplatz 10,8001,Zürich,ZH,247548.292,683581.413,2013-11-01,1,,0
338,268,,Badenerstrasse 565,8048,Zürich,ZH,248650.636,679969.894,2013-06-01,1,2014-08-01,1
339,269,Talks zu Gast bei Kunstraum réunion,Müllerstrasse 57,8004,Zurich,ZH,247765.821,682350.855,2013-01-01,2,2017-01-01,2
340,270,Sihlhallenstrasse,Schöneggstrasse 5,8004,Zürich,ZH,248224.071,682209.313,2009-01-01,2,,0
341,271,,"Hönggerstrasse 18
Burgstrasse 19",8037,Zürich,ZH,249500.726,682135.841,1985-01-01,2,1992-01-01,2
342,272,,Bielstrasse 69,4500,Solothurn,SO,228884,606614.414,1993-01-01,2,2001-01-01,2
343,273,,nomadisch,,,ZH,,,2010-08-01,1,,0
344,274,,Edenstrasse 16,8045,Zürich,ZH,246016.67,681872.462,2014-01-01,2,2014-01-01,2
345,275,,Lutherstrasse 30,8004,Zürich,ZH,247652.699,682329.193,1992-01-01,2,1996-01-01,2
346,275,Digital / Webseite,,,,,,,1996-01-01,2,,0
347,276,Diverse Orte,,,,ZH,,,1990-01-01,2,1990-01-01,2
348,277,,Kanonengasse 20,8004,Zürich,ZH,248022.392,682444.8,2002-01-01,2,,0
349,278,Volksbad,Volksbadstrasse 6,9000,St. Gallen,SG,254896.905,746807.42,1985-01-01,2,1985-01-01,2
350,278,Möbel-Oase,Langgasse 9,9008,St. Gallen,SG,255564.664,746793.557,1986-01-01,2,1987-01-01,2
351,278,Städtisches Lagerhaus,Vadianstrasse 57,9000,St. Gallen,SG,253927.039,745495.77,1987-01-01,2,1987-01-01,2
352,278,,Wassergasse 24,9000,St. Gallen,SG,254027.156,745961.841,1988-01-01,2,1992-01-01,2
353,278,Davidstrasse (Provisorium),Davidstrasse 40,9000,St. Gallen,SG,253913.509,745572.705,1993-01-01,2,1995-01-01,2
354,278,Davidstrasse (1. Stock),Davidstrasse 40,9000,St. Gallen,SG,253913.509,745572.705,1996-01-01,2,2004-01-01,2
355,278,Davidstrasse (Erdgeschoss),Davidstrasse 40,9000,St. Gallen,SG,253913.509,745572.705,2004-01-01,2,2006-01-01,2
356,278,Davidstrasse (Erdgeschoss),Davidstrasse 40,9000,St. Gallen,SG,253913.509,745572.705,2007-01-01,2,,0
357,279,,,,Luzern,LU,210354.453,666772.082,1982-01-01,2,1982-01-01,2
358,280,M/2,,,,VD,,,1987-01-01,2,1992-01-01,2
359,281,,Place de la Palud,1003,Lausanne,VD,152577.686,538191.034,1984-01-01,2,1990-01-01,2
360,282,Cabaret Voltaire,Spiegelgasse 1,8001,Zürich,ZH,247345.332,683492.896,2005-01-01,2,2008-01-01,2
361,283,,Friedeggstrasse 5,3400,Burgdorf,BE,211919.927,613985.342,1988-01-01,2,1988-01-01,2
362,284,Centre culturel autogérée Artamis,Rue du Stand,1204,Genève,GE,117696.834,499343.125,2009-01-01,2,2012-01-01,2
363,285,,Waisenhausplatz 30,3011,Bern,BE,199890.154,600407.545,2004-01-01,2,,0
364,286,Mellingerstrasse/Bruggerstrasse,,5400,Baden,AG,257063.888,663159.442,1982-01-01,2,1983-01-01,1
365,287,,Rue de Lyon 114C,1203,Genève,GE,118483.769,498292.307,2009-01-01,2,,0
366,288,,6 rue Charles Humbert,1205,Genève,GE,117334.096,499619.538,2014-05-01,1,,0
367,289,,,1820,Montreux,VD,146053.963,562242.063,,0,,0
368,290,,,,Genève,GE,117866.446,500005.939,2008-01-01,2,,0
369,291,,Piazza della Riforma 9,6900,Lugano,TI,95856.19,717163.6,1996-01-01,2,,0
370,292,Flon,Rue de Geneve 19,1003,Lausanne,VD,152599.147,537801.611,1997-06-28,0,2007-10-01,1
371,292,Elac (Renens),Avenue du Temple 5,1020,Renens,VD,154283.834,534771.535,2007-10-01,1,,0
372,293,,25 rue de Genève,1225,Chêne-Bourg,GE,116639.89,504000.859,2015-01-01,2,,0
373,294,,Rue Dr César-Roux 14,1005,Lausanne,VD,152832.304,538563.745,2014-01-01,2,,0
374,295,,Eierbrechtstr. 50,8053,Zürich,ZH,245808.048,686024.703,2011-08-01,1,2015-12-01,1
375,296,,Avenue de la Harpe 45,1007,Lausanne,VD,151150.463,537640.903,,0,,0
376,297,Lokal-int (Hugistrasse),Hans-Hugi-Strasse 3,2502,Biel/Bienne,BE,,,2006-01-01,2,,0
377,297,ZELLE_Der Lokal-int Showroom,Bahnhof Biel,2501,Biel/Bienne,BE,,,2009-01-01,2,2016-01-01,2
378,298,,Hauptstrasse 30,5726,Unterkulm,AG,240279.899,651157.491,1983-11-01,1,1983-11-01,1
379,299,,Lagerstrasse 98/99,8004,Zürich,ZH,248260.909,682350.654,2012-09-01,1,2014-02-01,1
380,300,,Rue de l'Athénée 8,1205,Genève,GE,117047.998,500481.833,1968-05-01,1,1978-01-01,2
381,301,,Militärstrasse 83a,8004,Zürich,ZH,248077.531,682384.083,2000-01-01,2,2006-05-01,1
382,302,,Obere Halde 36,5400,Baden,AG,258408.648,665638.309,1976-01-01,2,,0
383,302,Galerie goldenes Kalb,Ziegelrain 4,5000,Aarau,AG,249161.059,645726.856,2005-01-01,2,2011-01-01,2
384,303,Speditionshalle der F. Aeschbach AG,,5000,Aarau,AG,249834.194,645740.279,1988-10-01,1,1988-10-30,0
385,304,,Münstergasse,,Bern,BE,199576.463,600764.837,2007-01-01,2,,0
386,305,webmanufaktur fritschy & cie. ag,Lorrainestrasse 16,3013,Bern,BE,200566.344,600495.103,2012-11-01,1,,0
387,306,,Matte,,Bern,BE,199635.256,601176.055,2010-01-01,2,2010-01-01,2
388,307,,Elisabethenstrasse 14a,8004,Zürich,ZH,247489.336,681898.518,2005-01-01,2,2012-01-01,2
389,308,années de fondation,genauer Standort unbekannt,,Genève,GE,,,1974-01-01,2,,0
390,308,Centre d' Art Contemporain - Rue des Vieux-Grenadiers,Rue des Vieux-Grenadiers 10,1205,Genève,GE,117210.982,499611.241,,0,,0
391,309,,Elisabethenstrasse 14a,8004,Zürich,ZH,247489.336,681898.518,1997-01-01,2,2005-05-01,1
392,310,,Rue Pré-du Marché 19,1004,Lausanne,VD,152894.579,537916.813,2004-01-01,2,,0
393,311,,Brimensdorferstrasse 188,8003,Zürich,ZH,247217.732,681473.283,1994-01-01,2,1997-01-01,2
394,312,,Hardstrasse 219,8005,Zürich,ZH,248973.671,681384.291,2001-01-01,2,2012-01-01,2
395,312,Studio K3 Office,Breitensteinstrasse 49a,8037,Zürich,ZH,249753.822,681547.812,2016-01-01,2,,0
396,312,Museum of the Unwanted,"Kunstraum Kolin21
Kolinplatz 21",6300,Zug,ZG,224479.858,681654.911,2014-01-01,2,,0
397,312,Museum of the Unwanted,"Dolder Waldhaus
Kurhausstrasse 20",8032,Zürich,ZH,247517.968,685369.072,2014-01-01,2,,0
398,313,,Via fontana di scribar 5,6760,Faido,TI,148359.9,704530.04,2014-05-01,1,,0
399,314,,Grabenstrasse 6,9320,Arbon,TG,264904.725,750262.309,1993-01-01,2,,0
400,315,,,8873,Amden,SG,223468.371,729980.43,1999-01-01,2,,0
401,316,,Zaun 5,9042,Speicher,AR,253310.791,751102.713,2006-01-01,2,,0
402,317,,Bleicherweg,,Zürich,ZH,247030.169,683075.291,1999-01-01,2,1999-01-01,2
403,318,,,,Genève,GE,117866.446,500005.939,1980-01-01,2,1984-01-01,2
404,319,L'illôt 13,Rue de Montbrilliant 14,1201,Genève,GE,118648.381,499913.2,1988-01-01,2,1993-01-01,2
405,320,,Rue Lissignol 3,1201,Genève,GE,118146.118,500069.867,1996-01-01,2,2002-01-01,2
406,320,,Route des Acacias 76,1227,Carouge,GE,116018.225,498929.941,2002-01-01,2,2015-01-01,2
407,320,,Rue Lissignol 10,1201,Genève,GE,118181.108,500099.734,2002-01-01,2,2012-01-01,2
408,321,Quartier des Bains,Rue des Bains 34,1205,Genève,GE,117270.577,499570.542,1999-01-01,2,1999-01-01,2
409,322,"Hotel Excelsior ""Jahrmarkt der Eitelkeiten""",,5400,Baden,AG,257063.888,663159.442,1989-10-20,0,1989-10-27,0
410,322,Inhalatorium,Limmatpromenade 26,5400,Baden,AG,259152.332,665947.995,1990-01-01,2,1900-01-02,2
411,322,Villa Lägerlistrasse,,5402,Ennetbaden,AG,,,1990-01-01,2,1900-01-02,2
412,323,Binzstrasse,Binzstrasse 39,8045,Zürich,ZH,246215.321,681115.794,1982-01-01,2,,0
413,323,,Räffelstrasse 45,8045,Zürich,ZH,246288.24,681018.015,1982-01-01,2,,0
414,323,Sihlquai,Sihlquai 133,8005,Zürich,ZH,248814.071,682684.849,1982-01-01,2,,0
415,323,Scoul,Nairs 161,7550,Scuol,GR,185759,816142,1986-01-01,2,2005-01-01,2
416,324,Tom Bola Kunst 14 Zürich,Seefeld,,Zürich,ZH,245618.869,684203.711,2012-12-01,1,2013-12-01,1
417,324,,Kolinplatz 21,6300,Zug,ZG,224479.858,681654.911,2014-06-01,1,2015-02-01,1
418,324,Editione Periferia,Unterlachenstrasse 12,6005,Luzern,LU,210559.176,666471.095,2015-05-01,1,2015-05-01,1
419,325,message salon downtown im Perla Mode,Langstrasse 84,8004,Zürich,ZH,248008.557,682173.197,2003-01-01,2,2007-01-01,2
420,326,"Altstadt, diverse Orte",,8200,Schaffhausen,SH,283851.574,691736.342,2010-01-01,2,2013-01-01,2
421,327,in einer Wohnung im Quartier des Bains,Rue des Bains,1205,Genève,GE,116941.13,499483,2009-01-01,2,,0
422,327,Rodeo 12 (nomadisch),diverse Orte,,,,,,,0,,0
423,328,,Kalanderplatz 1,8045,Zürich,ZH,245809.415,681936.947,2001-01-01,2,2003-06-28,0
424,329,,"Rue	Cingria 3",1205,Genève,GE,116613.651,500223.142,2008-01-01,2,2013-04-01,1
425,330,Galerie 33 (Gerechtigkeitsgasse 33),Gerechtigkeitsgasse 33,3011,Bern,BE,199680.58,601193.434,1953-10-22,0,1960-01-01,2
426,330,Galerie 33 (Gerechtigkeitsgasse 56),Gerechtigkeitsgasse 56,3011,Bern,BE,199697.428,601145.192,1960-01-01,2,1964-01-01,2
427,330,Galerie 33 (Marktgasse 38),Marktgasse 38,3011,Bern,BE,199682.356,600509.38,1964-01-01,2,1964-01-01,2
428,331,,Eichwaldstrasse 27a,6005,Luzern,LU,209968.962,665545.769,1994-01-01,2,2010-01-01,2
429,331,Kunstpavillon,Sälistrasse 24,6005,Luzern,LU,210971.701,665355.322,1994-01-01,2,2010-01-01,2
430,332,,"Rotbuchstrasse 1a
im Hof",8006,Zürich,ZH,249483.693,683017.556,2003-10-10,0,2003-11-11,0
431,333,,Weststrasse 145,8003,Zürich,ZH,247502.638,681572.18,2006-01-01,2,2010-01-01,2
432,334,,,,Zürich,ZH,247945.169,682945.254,,0,,0
433,335,Fussgängerunterführung,Escher-Wyss-Platz,8005,Zürich,ZH,249461.469,681830.799,1995-09-01,1,1995-10-01,1
434,336,Les Grottes,Rue des Amis 9,1201,Genève,GE,118469.404,499803.521,2004-01-01,2,,0
435,337,Field,Zypressenstrasse 71,8004,Zürich,ZH,248093.48,681243.078,1995-11-05,0,1995-12-10,0
436,338,Waschküche Seftigenstrasse,Seftigenstrasse 16,3007,Bern,BE,198586.673,599497.389,2012-06-01,1,2012-10-01,1
437,338,Waschküche in Heitere Fahne,Dorfstrasse 22/24,3084,Wabern,BE,197553.942,600641.367,2013-11-01,1,2013-11-01,1
438,339,,Konradstrasse 77,8005,Zürich,ZH,248501.761,682642.511,1989-01-01,2,1991-01-01,2
439,340,,Konradstrasse,8400,Winterthur,ZH,261980.459,696797.517,1995-01-01,2,1997-01-01,2
440,341,,Ziegeleistrasse 14,9050,Appenzell,AI,243498.007,748850.194,1987-01-01,2,1999-01-01,2
441,342,,Diverse Orte,,,ZH,,,2012-01-01,2,,0
442,342,Perla Mode,Langstrasse 84,8004,Zürich,ZH,248008.557,682173.197,2013-01-01,2,2014-01-01,2
443,342,Kunstraum Nordflügel,"Gessnerallee Zürich
Gessnerallee 8",8001,Zürich,ZH,247681.506,682773.761,2015-04-01,1,2016-03-01,1
444,343,,Anna-Heer-Strasse 14,8057,Zürich,ZH,250459.84,683251.987,2013-01-01,2,,0
445,344,,Rämistrasse 18,8001,Zürich,ZH,246953.213,683717.465,2016-07-28,0,2016-08-07,0
446,344,,Sandrainstrasse 25,3007,Bern,BE,198572.637,600280.088,2017-03-18,0,2017-03-19,0
447,344,Soirée Audio,Stadthausquai 12,8001,Zürich,ZH,246987.427,683341.892,2017-05-31,0,2017-05-31,0
448,344,,Güterbahnhofstrasse 8,9000,St. Gallen,SG,253681.158,745259.262,2017-10-17,0,2017-10-20,0
449,344,,Wasserwerkstrasse 13,8006,Zürich,ZH,248601.217,683175.976,2018-04-07,0,2018-09-01,1
450,344,,Minverastrasse 9,8032,Zürich,ZH,247075.057,684193.939,2016-07-28,0,2016-07-31,0
451,345,,Hadwigstrasse 6,9000,St. Gallen,SG,254939.537,746606.058,1997-03-21,0,1997-03-23,0
452,346,diverse Orte,,,Thalwil,ZH,238003.1,684904.707,1996-01-01,2,,0
453,346,ArtBox,"Bahnhof Thalwil
Perrons 3/4 und 5/6",8800,Thalwil,ZH,238817.431,685310.951,2003-06-01,1,,0
454,346,Seegang (Ausstellung),Seeufer zwischen Rüschlikon und Oberrieden,,,ZH,,,2015-06-05,0,2015-06-28,0
455,346,Thalwil malt - Samstagsmalen im Kulturlabor,Gotthardstrasse 62,8800,Thalwil,ZH,239210.096,684926.385,2009-01-01,2,,0
456,346,Coup de Foudre (Gruppenausstellung),Gotthardstrasse,,Thalwil,ZH,238692.318,685257.511,2011-06-17,0,2011-07-02,0
457,346,ThalwilerHofkunst Kulturlabor,Gotthardstrasse 62,8800,Thalwil,ZH,239210.096,684926.385,2009-01-01,2,,0
458,346,NEPOMUK (Gruppenausstellung),Zwischen Ortsmuseum und reformierter Kirche,8800,Thalwil,ZH,238431.429,685300.155,2009-06-12,0,2009-06-28,0
459,346,Hotel Thalwilerhof,Bahnhofstrasse 16,8800,Thalwil,ZH,238901.265,685254.383,2001-05-12,0,2001-07-07,0
460,346,Restaurant Thalwilerhof (Ausstellungen),Bahnhofstrasse 16,8800,Thalwil,ZH,238901.265,685254.383,1998-01-01,2,2001-01-01,2
461,346,Kunsthaus,Ludretikonerstrasse 53,8800,Thalwil,ZH,239158.343,684879.198,1998-07-03,0,1998-07-11,0
462,346,KreuzKunstQuer,"Im und um den Bahnhof 
in 6 Bahnwagen, Park Villa Diana",8800,Thalwil,ZH,238200.128,685064.855,1996-05-17,0,1996-06-15,0
463,347,unter der Dreikönigsbrücke,Dreikönigsstrasse 7,8002,Zürich,ZH,246867.593,683052.65,2005-01-01,2,2010-01-01,2
464,348,Museum der Stadtentwässerung,,,Zürich,ZH,247945.169,682945.254,1994-06-10,0,1994-10-30,0
465,349,,Heinrichstrasse 257,8005,Zürich,ZH,249183.188,681774.613,1999-10-07,0,1999-12-06,0
466,350,sic! Elephanthouse,Neustadtstrasse 14,6003,Luzern,LU,210692.496,666105.484,2013-02-01,1,,0
467,350,sic im o.T.,Sälistrasse 24,6005,Luzern,LU,210971.701,665355.322,2011-04-01,1,2015-07-01,1
468,351,Rote Fabrik,Seestrasse 395,8038,Zürich,ZH,244213.444,682905.432,1987-01-01,2,,0
469,352,,Josefstrasse 31/35/39,8005,Zürich,ZH,248377.139,682670.249,1991-05-01,1,1993-11-01,1
470,353,,,,Fribourg,FR,183600.105,578714.62,,0,,0
471,354,Rägeboge-Zentrum,Zürichstrasse 43,6004,Luzern,LU,212297.924,666156.194,1983-01-01,2,1983-01-01,2
472,356,,Elsässerstrasse,4056,Basel,BS,268502.377,610730.339,1996-01-01,2,2004-01-01,2
473,357,Klybeckquai,Uferstrasse,4057,Basel,BS,269234.854,611148.96,,0,,0
474,358,,"Breisacherstrasse 50
im Hinterhof",4057,Basel,BS,268428.027,611322.882,2011-10-01,1,,0
475,359,,Elisabethenstrasse,4051,Basel,BS,266990.953,611533.241,1992-06-01,1,1992-07-01,1
476,360,,Hochbergerstrasse 160,4057,Basel,BS,270190.746,611444.587,,0,,0
477,361,,Horburgstrasse 70,4057,Basel,BS,268886.067,611730.016,2010-06-01,1,2012-06-01,1
478,361,Van Horbourg - Zürich,Lagerstrasse 2,8004,Zürich,ZH,248002.114,682772.316,2012-08-01,1,2013-12-01,1
479,362,,Burgweg 7,4058,Basel,BS,267507.023,612223.284,2010-04-01,0,2010-04-21,0
480,363,,Steinenring 44,4051,Basel,BS,266693.145,610631.614,2002-01-01,2,,0
481,365,,Wettsteinallee 71,4058,Basel,BS,267851.689,612373.109,2010-01-01,1,,0
482,367,,St. Alban-Rheinweg 64,4052,Basel,BS,267123.994,612262.882,2011-08-01,1,2013-12-01,1
483,368,,,,,BS,,,2013-06-13,0,2013-06-16,0
484,369,,diverse Orte,,,BS,,,2011-01-01,2,2011-01-01,2
485,370,,Freilager-Platz 9,4142,Münchenstein,BL,,,2014-11-01,1,,0
486,371,,,,,BS,,,1953-01-01,2,1953-01-01,2
487,372,,Kannenfeldstrasse 22,4056,Basel,BS,268034.358,610183.017,1996-01-01,2,1996-01-01,2
488,373,,Kleinhüningerstrasse 165,4057,Basel,BS,269871.391,611434.726,1989-01-01,2,1989-01-01,2
489,374,,Kasernenstrasse 23,4058,Basel,BS,267995.132,611381.476,1974-01-01,2,,0
490,374,RANK,Kasernenstrasse 34,4058,Basel,BS,268027.351,611517.055,2018-01-01,2,2019-01-01,2
491,375,,Elsässerstrasse 2a,79576,Weil am Rhein (DE),BS,,,1986-06-08,0,1986-06-29,0
492,376,,Grünau / Bernerstrasse,8064,Zürich,ZH,249830.815,679290.737,2003-01-01,2,2004-01-01,2
493,377,Bahnhofbuffett Badischer Bahnhof,Schwarzwaldallee 200,4058,Basel,BS,268527.316,612664.066,1989-04-01,1,1989-12-01,1
494,378,,Spitalhofstrasse,6032,Emmen,LU,214558.132,665693.157,2006-08-01,1,,0
495,379,"diverse Orte – Biel/Bienne, Basel, Bern",,,,,,,2009-01-01,2,2012-01-01,2
496,380,Bahnhof Perron Gleis 2,,2501,Biel/Bienne,BE,219817.58,585031.872,2016-01-01,2,,0
497,381,Pavillon Tribschenhorn,Richard-Wagner-Weg 17,6005,Luzern,LU,210306,667156,2010-01-01,2,2017-01-01,2
498,381,Kunstpavillon,Sälistrasse 24,6005,Luzern,LU,210971.701,665355.322,2017-01-01,2,,0
499,382,Last Tango - Röntgenstrasse,Röntgenstrasse 6,8005,Zürich,ZH,248504.091,682326.47,,0,,0
500,382,,Gasometerstrasse 30,8005,Zürich,ZH,248744.381,682371.657,2016-01-01,2,,0
501,383,,Haltingerstrasse 13,4057,Basel,BS,268331.336,611570.585,2011-01-01,2,2013-01-01,2
502,384,,Gärtnerstrasse 50,4057,Basel,BS,269538.742,611501.288,2000-11-01,1,,0
503,385,,Wattstrasse 4,4056,Basel,BS,268756.64,610519.156,2010-12-01,1,2011-12-01,1
504,386,Zwischennutzung 1,Vogesenplatz,4056,Basel,BS,268858.852,610089.623,2013-10-10,0,2013-12-31,0
505,387,,Oetlingerstrasse 146,4057,Basel,BS,268570.327,611662.148,2013-02-21,0,2013-06-21,0
506,388,Frauenzimmer - Kaserne Basel,Klybeckstrasse 1b,4057,Basel,BS,268136.265,611483.763,1989-09-01,1,1990-06-01,1
507,389,,,,,BS,,,,0,,0
508,390,Keller des Restaurants Brauerei,Delsbergerstr 82,4242,Laufen,BL,252012.678,604576.039,,0,,0
509,390,Kulturforum (Altes Schlachthaus),,,,,,,2002-01-01,2,,0
510,391,,St. Johanns-Rheinweg 46,4056,Basel,BS,268177.111,610454.994,,0,,0
511,392,Einfahrt Reservoirstrasse,Reservoirstrasse,4059,Basel,BS,264628.92,612058.15,2011-01-01,2,,0
512,393,,Oslo-Strasse 10,4142,Münchenstein,BL,264728.5,612892.023,2011-01-01,2,,0
513,395,Gründungsphase,,,Basel,BS,267109.358,611723.45,1988-01-01,2,1989-01-01,1
514,395,Gedankenbank (Jungstrasse),Jungstrasse 11,4056,Basel,BS,268556.845,610635.056,1989-01-01,1,1989-04-01,1
515,395,Gedankenbank (Vereinsgründung und Feldberstrasse),Feldbergstrasse 71,4057,Basel,BS,268443.428,611573.967,1989-04-01,1,1989-12-01,1
516,395,Gedankenbank (Immengasse),Immengasse 6,4056,Basel,BS,268456.192,610674.203,1989-12-01,1,1990-01-01,2
517,396,,Schützenmatte,,Basel,BS,266819,609957,1982-01-01,2,1982-06-01,1
518,397,,Auf der Höhe 12,4144,Arlesheim,BL,259761.942,613715.713,2013-01-01,2,,0
519,398,VOLUMES 2013,"Kunstraum Karussell
Zweierstrasse 38",8004,Zürich,ZH,247468.33,682075.767,2013-12-01,1,2013-12-01,1
520,398,VOLUMES 2014,"Perla-Mode 
Brauerstrasse 37",8004,Zürich,ZH,248006.877,682178.818,2014-11-01,1,2014-11-01,1
521,398,VOLUMES 2015,"Kunstraum Walcheturm
Kanonengasse 20",8004,Zürich,ZH,248022.392,682444.8,2015-11-01,1,2015-11-01,1
522,398,VOLUMES 2016,Gessnerallee 8,8001,Zürich,ZH,247681.506,682773.761,2016-11-01,1,2016-11-01,1
523,398,VOLUMES 2017,"Helmhaus Zürich
Limmatquai 31",8001,Zürich,ZH,247145.792,683432.392,2017-11-01,1,2017-11-01,1
524,399,,Stationsstrasse 21,8003,Zürich,ZH,247391.509,681607.786,2016-02-01,1,,0
525,400,,Dubsstrasse 33a,8003,Zürich,ZH,246805.422,681846.428,2015-01-01,2,2015-01-01,2
526,400,Fahrbereitschaft,Herzbergstrasse 40-43,D-10365,Berlin,,,,2015-03-01,1,2015-05-01,1
527,400,The Proposal (Barfussbar),Stadthausquai 12,8001,Zürich,ZH,246987.427,683341.892,2015-10-09,0,2015-10-10,0
528,400,"Reposition Ranong, Tailand","Ruangrat Road 138
Khaoniwes District
Muang, Tailand",,,,,,2016-02-01,0,,0
529,401,,Anemonenstrasse 42,8047,Zurich,ZH,248366.237,679778.983,2017-09-21,0,,0
530,402,Gängigerberg / Mäwägenberg,Rufibergstrasse 44-46,6415,Arth,SZ,215958.576,683011.43,1968-01-01,2,,0
531,403,,Breitensteinstrasse 32,8037,Zürich,ZH,249773.198,681656.717,2015-01-01,2,,0
532,404,,Bireggstrasse 36,6003,Luzern,LU,210411.728,665990.588,2012-01-01,2,,0
533,405,Hof Blum,Froh Ussicht,8833,Samstagern,ZH,228615.741,693932.698,2008-01-01,2,,0
534,406,,Schaffhauserstrasse 550,8052,Zürich,ZH,253187.165,684109.697,2011-06-26,0,,0
535,407,,Seebahnstrasse 221,8004,Zürich,ZH,248008.588,681554.784,2017-04-01,1,,0
536,408,,Webergasse 3,4058,Basel,BS,267892.919,611442.814,,0,,0
537,409,Kunstraum Aarau,Ochsengässli 7,5000,Aarau,AG,249388.134,645750.515,2013-06-01,1,2014-06-01,1
538,410,,Blinzernfeldweg 4,3098,Köniz,BE,196784.417,598755.143,2008-05-01,1,,0
539,411,Helvetiaplatz,Thunstrasse 3,3005,Bern,BE,199169.319,600886.854,2008-01-01,2,,0
540,412,,,,,ZH,,,1983-01-01,2,1983-01-01,2
541,413,,Schützenstrasse 14,3097,Liebefeld,BE,197760.702,598761.544,2008-01-01,2,,0
542,414,Barak (Helvetiastrasse),Helvetiastrasse 14,3005,Bern,BE,199090.39,600925.975,1991-01-01,2,1993-03-01,1
543,414,,Stationssstrasse 11a,3097,Liebefeld,BE,198081.493,598670.184,1993-08-01,1,2000-01-01,2
544,415,,Rue Pierre-Péquignat 9,2900,Porrentruy,JU,251897.654,572504.459,1998-03-01,1,,0
545,416,,Könizstrasse 161,3097,Liebefeld,BE,198277.034,598335.283,2013-06-01,1,2018-01-01,2
546,417,Grand Café les Mouettes,Rue du Lac 2,1800,Vevey,VD,145455.083,554528.64,2012-09-01,1,2017-01-01,2
547,418,,Altenbergstrasse,3013,Bern,BE,199883.086,601502.751,1991-01-01,2,2014-11-01,1
548,419,,Kreuzstrasse 64,8008,Zürich,ZH,246567.759,684154.359,2010-02-01,1,2017-06-01,1
549,420,,Neugasse 61,8005,Zürich,ZH,248534.244,682336.265,2013-01-01,2,,0
550,421,,Rue de la Truite 4,1205,Genève,GE,117551.619,498678.366,,0,,0
551,422,,,3700,Spiez,BE,171173.412,616578.519,1978-09-01,1,1978-09-01,1
552,423,,Badgasse 1,3011,Bern,BE,199467.27,601077.015,1970-01-01,2,1993-01-01,2
553,424,,Arbenzstrasse 20,8008,Zürich,ZH,245990.96,684395.681,2013-12-01,1,2014-12-01,1
554,425,,,3000,Bern,BE,199194.107,595691.186,1978-01-01,2,1978-01-01,2
555,425,Forum etc. Bern,Klösterlistutz 18,3013,Bern,BE,199760.014,601579.785,1990-04-30,0,1990-04-30,0
556,426,,Buchserstrasse 19,5000,Aarau,AG,249135.397,646888.967,2009-12-01,1,2013-06-01,1
557,427,Hotel Beau Rivage,Hofstettenstrasse 6,3600,Thun,BE,178473.093,614857.432,1999-07-12,0,1999-08-15,0
558,428,Altes Bezirksgefängnis,,4800,Zofingen,AG,236965.427,637946.534,1986-08-15,0,1986-09-07,0
559,428,Kunst-Haus-Im-Steinbruch,,5113,Holderbank,AG,254136.205,654896.457,1986-07-17,0,1986-09-07,0
560,428,Alte Rohrmöbelfabrik,vis à vis Güterbahnhof Rheinfelden,4310,Rheinfelden,AG,267165,626599,1986-09-06,0,1986-09-28,0
561,429,,Bäderstrasse 17a,5400,Baden,AG,259136.837,665884.998,1988-01-01,2,,0
562,430,,Ziegelackerstrasse 11a,3027,Bern,BE,199708.941,597172.553,2011-11-01,1,2012-01-01,2
563,430,,Tscharnerstrasse 23,3007,Bern,BE,198939.551,599291.549,2012-03-01,1,2012-01-01,2
564,430,,Bierhübeliweg 27,3012,Bern,BE,200533.786,599946.126,2012-11-01,1,2012-12-01,1
565,431,Zwsichennutzung,Wylerstrasse 109,3014,Bern,BE,201145.692,600656.121,2012-01-01,2,2012-01-01,2
566,431,"nomadisch, online",,,Bern,BE,200393.385,596671.186,2012-01-01,2,2012-01-01,2
567,432,,Uferweg 42,3013,Bern,BE,200353.591,600289.556,1970-01-01,2,1974-01-01,2
568,432,,Münstergasse 16,3011,Bern,BE,199608.555,600972.689,1973-01-01,2,1975-01-01,2
569,432,,Gerechtigkeitsgasse 25,3011,Bern,BE,199689.697,601227.036,1975-01-01,2,1984-01-01,2
570,433,Antico Convento delle Agostiniane,El Sementéri 2,6513,Monte Carasso,TI,116306.135,720373.424,,0,,0
571,434,,,1000,Lausanne,VD,156124.092,543184.292,1997-01-01,2,1998-01-01,2
572,435,,Anwandstrasse 30,8004,Zürich,ZH,247878.178,681925.451,2014-09-01,1,2022-04-01,1
573,436,,Kalchengasse 12,8302,Kloten,ZH,256402.269,686271.58,1994-01-01,2,1998-01-01,2
574,437,,Varis 10,1700,Fribourg,FR,184015.283,578481.22,2013-04-01,1,,0
575,438,CultureHôtel,Rte de la Collure 2,1854,Leysin,VD,132545.424,566674.05,2015-01-01,2,,0
576,439,Schaufenster,Stampfenbachplatz,8006,Zürich,ZH,248315.917,683357.844,,0,,0
577,440,in den Räumen des Veloblitz Zürich,Hardstrasse 81,8004,Zürich,ZH,248394.435,681090.78,1996-01-01,2,2005-01-01,2
578,440,Boschbar im Exil,,,Zürich,ZH,247945.169,682945.254,2005-01-01,2,2006-01-01,2
579,440,Provitreff,Sihlquai 240,8005,Zürich,ZH,249109.073,682400.225,2006-01-01,2,,0
580,442,Schoeller-Areal,Limmatwest,8005,Zürich,ZH,249742.751,681135.468,1989-01-01,2,1996-01-01,2
581,443,,Spiegelgasse 1,8001,Zürich,ZH,247345.332,683492.896,2002-01-01,2,,2
582,444,,Industriestrasse 23,8500,Frauenfeld,TG,268831.489,709524.348,2005-01-01,2,,0
583,445,,Rue Dr. César-Roux 14,1005,Lausanne,VD,152832.304,538563.745,2005-01-01,2,,0
584,446,,Fischerhäuserstrasse,8200,Schaffhausen,SH,283491,690399,1977-01-01,2,1978-01-01,2
585,447,,Plattenstrasse 32,8032,Zürich,ZH,247535.608,684207.511,2003-01-01,2,2004-01-01,2
586,448,,Rue des Vieux-Grenadiers 10,1205,Genève,GE,117210.982,499611.241,1994-01-01,2,1997-01-01,2
587,449,Hôtel Philippoz,Chemin de la Chapelle 9,1966,Luc (Ayent),VS,125741.954,598392.023,2013-01-01,2,2016-01-01,2
588,450,Diverse Orte,Chur und Maienfeld,,,GR,,,2011-01-01,2,2012-01-01,2
589,451,Mühle Tiefenbrunnen,Seefeldstrasse 219,8008,Zürich,ZH,245161.724,684780.285,1985-01-01,2,,0
590,451,Kunsthalle Zürich - Löwenbräu,Limmatstrasse 270,8005,Zürich,ZH,249293.438,682021.537,1996-01-01,2,,0
591,452,Kunsthalle Luzern (Betrieb Bürgenstrasse),Bürgenstrasse 9,6005,Luzern,LU,211019.744,666510.312,1990-01-01,1,1990-01-01,2
592,452,,Bruchstrasse 14/16,6003,Luzern,LU,210480.708,665826.805,1990-01-01,2,1993-05-31,0
593,453,,Untergasse 34,2502,Biel/Bienne,BE,,,2010-01-01,2,2018-01-01,2
594,454,,Dienerstrasse 70,8004,Zürich,ZH,248182.381,682082.348,2010-11-01,1,2013-03-01,1
595,455,,Avenue de Montchoisi 9,1006,Lausanne,VD,151720.617,538208.475,1998-01-01,2,,0
596,456,,Meyerstrasse,6003,Luzern,LU,211865.891,664940.869,,0,,0
597,456,,Gibraltarstrasse,,Luzern,LU,211294.417,665440.58,1993-08-07,0,1994-01-01,2
598,456,,Eisengasse 7,,Luzern,LU,211652.444,665924.296,,0,,0
600,457,,St. Antonstrasse 62,9413,Oberegg,AI,253150.891,758278.149,2009-01-01,2,,0
601,458,,Place de l'Ile,1204,Genève,GE,117851.302,499880.124,2010-01-01,2,,0
602,459,,"Sihlhalle
Sihlhallenstrasse 7",8004,Zürich,ZH,248213.509,682181.465,2014-01-01,2,,0
603,460,,Quellenweg 6,3084,Köniz,BE,197393.154,601040.595,1989-05-01,1,1989-01-01,2
604,461,,Ankerstrasse 11,8004,Zürich,ZH,247459.685,681966.163,2003-05-29,0,2003-08-21,0
605,462,Kontakt Sollbruchstelle,Förrlibuckstrasse 180,8005,Zürich,ZH,,,2013-06-12,0,2013-06-15,0
606,462,Sollbruchstelle GmbH,Bullingerstrasse 60 / 211,8004,Zürich,ZH,248477.378,680885.442,2014-09-03,0,2014-09-13,0
607,462,Projekt 1,Zürich-Schwamendingen,8051,Zürich,ZH,251040.499,684449.989,2013-06-12,0,2013-06-15,0
608,462,Projekt 2,Seestrasse 49,8702,Zollikon,ZH,243790.15,685344.118,2014-09-03,0,2014-09-13,0
609,462,Projekt 3,Werdstrasse 126,8003,Zürich,ZH,247143.48,681948.638,2015-04-15,0,2015-04-26,0
610,462,Projekt 4,Förrlibuckstrasse 180,8005,Zürich,ZH,,,2018-02-17,0,2018-02-25,0
611,462,Ur-Projekt,Zürich-Schwamendingen,8051,Zürich,ZH,251040.499,684449.989,2011-09-01,1,2011-09-01,1
612,463,,Industriestrasse 27,3076,Worb,BE,197742.427,609324.236,2015-10-01,1,,0
613,464,,Flüelastrasse 54,8047,Zürich,ZH,248294.558,679668.286,2013-09-01,1,2016-08-01,1
614,465,egg'n'spoon (nomadisch),zu Gast in diversen Kunsträumen,,,ZH,,,2008-01-01,2,2015-01-01,2
615,465,Limited Contract,Idastrasse 46,8003,Zürich,ZH,247523.577,681298.691,2015-05-01,1,2015-12-01,1
616,466,,"Kein fester Standort
Bedingung ist eine Küche",,,,,,2015-01-01,1,,0
617,467,,Wyssgasse 6,8004,Zürich,ZH,247539.579,682085.622,1986-01-01,2,1986-01-01,2
618,468,Schiffländeplatz,Hechtplatz,8001,Zürich,ZH,246972.491,683546.499,1974-01-01,2,1974-01-01,2
619,468,Therena auf dem Münsterhof,Münsterhof,8001,Zürich,ZH,247132.437,683266.948,1975-01-01,2,1975-01-01,2
620,468,Rote Fabrik,Seestrasse 395,8038,Zürich,ZH,244213.444,682905.432,1976-01-01,2,1979-01-01,2
621,469,,Gerechtigkeitsgasse 40,3011,Bern,BE,199714.42,601214.029,2016-01-01,2,2016-01-01,2
622,470,,Nietengasse 17,8004,Zürich,ZH,248240.974,682083.133,2012-01-01,2,,0
623,471,,Merkurstrasse 6,8032,Zürich,ZH,246930.269,684393.299,2015-01-01,2,,0
624,472,,,,Zürich,ZH,247945.169,682945.254,2012-11-01,1,2014-03-01,1
625,473,,Rond-point de Plainpalais,1205,Genève,GE,117145.967,499968.852,2011-01-01,1,2011-01-01,1
626,474,,Talacker 41,8001,Zürich,ZH,247369.371,682793.855,2010-05-01,1,2010-10-01,1
627,475,,Oberdorfstrasse 26,8001,Zürich,ZH,247060.699,683602.189,2012-05-01,1,2018-07-01,1
628,476,Wartesaal im alten Bahnhof Wollishofen,Seestrasse 331,8038,Zürich,ZH,244640.821,682732.623,2005-12-01,1,2006-12-01,1
629,476,Perla Mode,Langstrasse 84,8004,Zürich,ZH,248008.557,682173.197,2007-01-01,1,2009-11-01,1
630,477,Löwenbräuareal,Limmatstrasse 264,8005,Zürich,ZH,249217.102,682107.41,1997-01-01,2,2001-01-01,2
631,477,slauer baal – Löwenbräuareal,Limmatstrasse 264,8005,Zürich,ZH,249217.102,682107.41,2001-01-01,2,2005-01-01,2
632,478,,Edenstrasse 5,8045,Zürich,ZH,246008.083,681840.454,1997-01-01,2,2000-01-01,2
633,479,,diverse Orte,,,UR,,,1992-01-01,2,2012-01-01,2
634,480,,Bäckerstrasse 25,8004,Zürich,ZH,247637.859,682375.169,2011-01-01,2,,0
635,481,Hochschule für Gestaltung / ZHdK,Limmatstrasse 55,8005,Zürich,ZH,248473.935,682787.597,1993-01-01,2,2014-01-01,2
636,482,o.T. (Zürichstrasse),Zürichstrasse 43,6004,Luzern,LU,212297.924,666156.194,1988-01-01,2,1994-01-01,2
637,482,o.T. (Eichwaldstrasse),Eichwaldstrasse 27a,6005,Luzern,LU,209968.962,665545.769,1994-01-01,2,2000-01-01,2
638,483,,,,Lausanne,VD,153352.475,539699.59,1987-01-01,2,1991-01-01,2
639,484,Tag der offenen Ateliers – diverse Orte,,,Luzern,LU,210354.453,666772.082,,0,,0
640,484,Tag der offenen Ateliers – Diverse Orte in der Stadt Luzern,,,Luzern,LU,210354.453,666772.082,,0,,0
641,484,Tag der offenen Ateliers,Diverse Orte in der Stadt Luzern,,Luzern,LU,,,2014-11-08,0,2014-11-09,0
642,485,,Diverse Orte,,,,,,2011-01-01,2,,0
643,486,,Lavendelweg 8,6280,Hochdorf,LU,224569.343,664278.63,2013-12-20,0,,0
644,488,,Hauptstrasse 24,9443,Widnau,SG,253149.356,766806.484,2017-03-25,0,2017-05-12,0
645,489,Stützmauer an der Magnihalde,Goliathgasse 15,9000,St. Gallen,SG,254669.263,746163.854,2017-01-01,2,,0
646,490,Kaskadenkondensator,"Warteck PP 
Burgweg 7",4058,Basel,BS,267507.023,612223.284,2003-01-01,2,2009-01-01,2
647,491,leerraum,Könizstrasse 161,3097,Liebefeld,BE,198277.034,598335.283,1996-01-01,2,,0
648,492,,Avenue du Chablais 18,1008,Prilly,VD,153048,535780,,0,,0
649,493,,,,Frauenfeld,TG,268363.253,709359.298,1995-01-01,2,1995-01-01,2
650,494,,,,Vevey,VD,144587.873,553988.455,,0,,0
651,495,,diverse Orte,,,LU,,,2016-01-01,2,,0
652,496,,Bärenfelserstrasse 40,4057,Basel,BS,268603.329,611222.819,2011-01-01,2,,0
653,497,,Gotthelfstrasse 23,4054,Basel,BS,266882.225,609805.683,2009-10-01,1,,0
654,498,,Haltingerstrasse 13,4057,Basel,BS,268331.336,611570.585,2016-01-01,1,,0
655,499,,Neapel-Strasse 6,4142,Münchenstein,BL,264183.365,613594.9,2013-01-01,2,2013-01-01,2
656,499,Sulzer-Burckhardt-Areal,Dornacherstrasse 192,4053,Basel,BS,265680.086,611639.172,,0,,0
657,500,,Davidsbodenstrasse 19,4056,Basel,BS,268308.273,610432.101,2001-01-01,2,2011-01-01,2
658,501,,J.J. Balmer-Strasse 1,4053,Basel,BS,265584.843,611792.053,1994-01-01,2,2001-01-01,2
659,502,,Klybeckstrasse 76,4057,Basel,BS,268426.706,611472.89,2017-06-01,1,2017-07-01,1
660,503,Bell Areal,Elsässerstrasse 174,4056,Basel,BS,269291.593,610251.444,1992-01-01,2,1995-01-01,2
661,504,,Klybeckstrasse 29,4057,Basel,BS,268370.63,611467.755,2009-01-01,2,,0
662,505,,Heuwaage,,Basel,BS,266717,611195,1998-01-01,2,1999-01-01,2
663,506,,Oetlingerstrasse 80,4057,Basel,BS,268563.311,611509.58,1981-10-01,1,1983-11-01,1
664,506,,Klybeckstrasse 142,4057,Basel,BS,268717.175,611428.787,1982-06-01,1,1985-01-01,1
665,506,,Claragraben 117,4057,Basel,BS,268145.299,611618.038,2004-01-01,1,2005-10-01,1
666,506,,Mörsbergerstrasse 4,4057,Basel,BS,268398.468,611695.643,1985-01-01,1,1985-03-01,1
667,506,Soussol,Claragraben 117,4057,Basel,BS,268145.299,611618.038,1987-11-01,1,1989-07-01,1
668,506,Filiale (Kannenfeldstrasse),Kannenfeldstrasse 22,4056,Basel,BS,268034.358,610183.017,1992-09-01,1,1995-10-01,1
669,506,,Claragraben 131,4057,Basel,BS,268241.496,611572.544,2004-01-01,1,2005-10-01,1
670,507,,Hochstrasse 37,4002,Basel,BS,267109.358,611723.45,1995-01-01,2,2001-01-01,2
671,509,Werkraum Warteck PP,Burgweg 7,4058,Basel,BS,267507.023,612223.284,1994-01-01,2,,0
672,510,,Socinstrasse 16,4051,Basel,BS,267434.011,610559.73,2011-08-01,1,,0
673,511,,,,,BS,,,,0,,0
674,512,,,,,BS,,,,0,,0
675,512,Galerie Gustav,Rebgasse 50,4058,Basel,BS,267668.775,611817.139,1968-01-01,2,1968-01-01,2
676,513,,Schwarzwaldallee 305,4058,Basel,BS,269049.475,612315.2,2011-06-01,1,2013-11-01,1
677,513,,Voltastrasse 41,4056,Basel,BS,268842.652,610546.187,2013-11-01,1,2017-06-01,1
678,514,deuxpiece Kannenfeldstrasse,Kannenfeldstrasse 23,4056,Basel,BS,268069.671,610136.441,2009-01-01,2,2009-01-01,2
679,515,,Sperrstrasse 7,4057,Basel,BS,268218.512,611551.499,2014-06-01,1,2016-01-01,2
680,515,nomadisch - diverse Orte,,,Basel,BS,267109.358,611723.45,2017-01-01,2,2017-01-01,2
681,515,,Oetlingerstrasse 44,4057,Basel,BS,268541.364,611354.193,2018-01-01,2,,0
682,516,,Oetlingerstrasse 79,4057,Basel,BS,268580.852,611520.424,1988-01-01,2,1988-01-01,2
683,517,,,,,BS,,,,0,,0
684,518,Campus der Künste,"Hochschule für Gestaltung und Kunst FHNW
Freilager-Platz 9",4142,Münchenstein,BL,,,2015-01-01,2,,0
685,519,,Münstergasse 4,3011,Bern,BE,199612.318,601018.59,2016-01-01,2,,0
686,520,,Klybeckstrasse 170,4057,Basel,BS,268846.355,611432.754,2012-01-01,2,,0
687,521,,diverse Orte,,,,,,2018-02-01,1,2018-10-01,1
688,522,,Sihlfeldstrasse 91,8004,Zürich,ZH,247867.043,681380.587,2008-01-01,2,,0
689,523,,diverse Orte,,,SO,,,2009-01-01,2,,0
690,524,,Avenue Ernest-Pictet 28,1203,Genève,GE,118796.623,498604.473,2015-01-01,2,,0
691,525,Kunstraum riss – photo spot,Via Maistra,,St. Moritz,GR,152398.593,784191.834,1987-12-17,0,1987-12-17,0
692,525,Galerie riss – il fuorn comünel,San Bastiaun 6,7503,Samedan,GR,156494.485,786485.93,1992-07-04,0,,0
693,526,,Schachenstrasse 15a,6010,Kriens,LU,209688.627,663939.703,2016-01-01,1,2016-09-01,1
694,527,,Via San Gottardo 139,6648,Minusio,TI,115041.153,706534.127,2016-04-16,0,,0
695,528,,Lothringerstrasse 43,4056,Basel,BS,268544.608,610496.404,1993-01-01,2,1993-01-01,2
696,529,INK.art&text,Seefeld,,Zürich,ZH,245618.869,684203.711,1994-01-01,2,2006-01-01,2
697,530,Schaukastengalerie,Kirchhalde 1,6110,Wolhusen,LU,212219.203,648303.779,1999-01-01,2,2008-01-01,2
698,530,Tropenhaus,Hiltenberg 4,6110,Wolhusen,LU,213130.312,648877.379,2010-01-01,2,2013-09-25,0
699,531,,,9000,St. Gallen,SG,253242.022,744318.056,1998-01-01,2,1998-01-01,2
700,532,,Wasserwerkstrasse 13,8006,Zürich,ZH,248601.217,683175.976,,0,,0
701,533,Onlineprojekt,,,Basel,BS,267109.358,611723.45,2003-11-01,1,2004-04-01,1
702,535,Sodium,,,Bern,BE,200393.385,596671.186,,0,,0
703,536,,Hammerstrasse 133,4057,Basel,BS,268538.505,611766.487,2009-01-01,2,2014-03-01,1
704,537,The Gathering Nr.1/2015,"PROGR Zentrum für Kulturproduktionen 
Waisenhausplatz 30",3011,Bern,BE,199890.154,600407.545,,0,,0
705,537,The Gathering Nr.2/2015,"VIA
Amerbachstrasse 55a",4057,Basel,BS,268782.524,611698.156,2015-10-24,0,2015-10-24,0
706,537,Albizke,Albisriederstrasse 203b,8047,Zürich,ZH,247990.002,679850.102,2015-11-07,0,2015-11-07,0
707,537,The Gathering – KUNSTgarten,Mutachstrasse,3008,Bern,BE,199366.468,598439.465,2016-06-04,0,2016-06-04,0
708,537,The Gathering 2016,"Neubad
Bireggstrasse 36",6003,Luzern,LU,210411.728,665990.588,2016-09-12,0,2016-09-12,0
709,537,The Gathering 2017,"Kunstraum OSTGLEIS
Bahnhof, Gleis 1",3072,Ostermundigen,BE,200671.786,604248.479,2017-06-10,0,2017-06-10,0
710,538,,Hammerstrasse 10,4058,Basel,BS,267706.007,612009.021,2014-03-01,1,2015-06-01,1
711,539,,Unterer Heuberg 21,4051,Basel,BS,267285.444,611192.523,2010-04-01,1,,0
712,540,,Freiburgerstrasse 36,4057,Basel,BS,269582.521,612376.125,2007-01-01,2,,0
713,542,,,,,BS,,,1999-01-01,2,1999-01-01,2
714,543,,Basel,,,BS,267109.358,611723.45,1998-01-01,2,1998-01-01,2
715,544,,Breisacherstrasse 134,4057,Basel,BS,268808.246,611321.295,1996-01-01,2,2000-01-01,2
716,545,,Mörsbergerstrasse 54,4057,Basel,BS,268631.716,611655.536,1993-01-01,2,,0
717,546,,Voltastrasse 43,4056,Basel,BS,268842.652,610546.187,2011-06-01,1,,0
718,547,Atelier für kreatives Wohnen,,,Rapperswil,SG,212808.197,598226.267,,0,,0
719,547,Freie Universität,,,Rapperswil,SG,212808.197,598226.267,,0,,0
720,547,ZONE 'Freie Universität' (Jungstrasse),Jungstrasse 11,4056,Basel,BS,268556.845,610635.056,1987-01-01,2,1989-03-01,1
721,547,,Feldbergstrasse 71,4057,Basel,BS,268443.428,611573.967,1989-04-01,1,1989-09-01,1
722,547,ZONE,Spitalstrasse 38,4056,Basel,BS,268126.21,610827.215,1989-10-01,1,1989-12-01,1
723,547,ZONE (Immengasse),Immengasse 6,4056,Basel,BS,268456.192,610674.203,1989-12-01,1,1989-12-01,1
724,548,,"Claragraben 135
im Hinterhof",4057,Basel,BS,268252.705,611569.918,2004-02-01,1,2009-07-01,1
725,549,,Münchensteinerstrasse 81,4052,Basel,BS,265470.838,612660.648,2011-01-01,1,2012-12-01,1
726,550,,Kleinhüningerstr. 94,4057,Basel,BS,269586.521,611360.941,2009-01-01,2,2012-01-01,2
727,551,,Reinacherstrasse 105,4053,Basel,BS,265230.895,612460.955,2015-10-01,1,,0
728,552,Hammerausstellung I,Hammerstrasse 158,4057,Basel,BS,268615.56,611767.201,1978-11-01,1,1978-11-01,1
729,552,Hammerausstellung II,Hammerstrasse 158,4057,Basel,BS,268615.56,611767.201,1981-05-24,0,1981-06-28,0
730,553,,Spalenvorstadt 33,4051,Basel,BS,267442.278,610791.63,2005-11-01,1,2005-11-01,1
731,554,nt*/areal,Erlenstrasse,4058,Basel,BS,268681.757,612002.702,2000-06-01,1,2004-05-01,0
732,555,,Burgweg 15,4058,Basel,BS,267490.894,612223.432,1993-06-01,1,1993-06-01,1
733,557,,Solothurnerstrasse 4,4053,Basel,BS,266110.525,611508.813,2013-01-01,2,,0
734,558,,St.Alban-Vorstadt 64,4052,Basel,BS,267065.206,612046.959,2011-01-01,2,2011-01-01,2
735,559,,Allmendweg 35,4450,Sissach,BL,257581.493,627799.552,1994-01-01,2,2008-01-01,2
736,560,Wohnzimmer,,,Biel,BE,222084.884,586216.73,1993-01-01,2,1995-01-01,2
737,561,,Gibraltarstrasse 9,6003,Luzern,LU,211357.012,665385.356,2015-02-25,0,,0
738,562,,,,,ZH,,,1988-01-01,2,,0
739,563,,Allmendstrasse 151,8041,Zürich,ZH,243613.428,681681.47,2018-07-01,1,2018-07-01,1
740,564,im ARCHIV (Ausstellungsreihe),Erikastrasse 11,8003,Zürich,ZH,247306.217,681711.002,2017-01-01,2,2018-01-01,2
741,564,,Erikastrasse 11,8003,Zürich,ZH,247306.217,681711.002,,0,,0
742,565,,Robert-Fellmann-Park,6340,Baar,ZG,227746.76,682409.044,2013-01-01,2,,0
743,566,Kunsthalle Tropical,"Icelandic Desert
F905
Island",,,,,,,0,,0
744,566,Piz Uter,,7524,Zuoz,GR,164362,793142,2018-09-01,1,,0
745,567,,Feldbergstrasse 57,4057,Basel,BS,268428.023,611514.314,1984-01-01,2,2005-01-01,2
746,568,,Müllheimerstrasse 46,4057,Basel,BS,268369.34,611625.667,2016-01-01,2,2017-01-01,2
747,569,,Florenz-Strasse 1e,4142,Münchenstein,BS,264770.026,612956.217,2013-01-01,2,2016-03-14,0
748,570,FAQ Galerie,St. Johanns-Ring 133,4056,Basel,BS,267955.792,610250.655,2016-01-01,2,2017-11-01,1
749,570,FAQ Ausstellungsraum,St. Johanns-Ring 133,4056,Basel,BS,267955.792,610250.655,2017-11-01,1,,0
750,571,,Talstrasse 5,4144,Arlesheim,BL,260897.358,612812.252,1994-01-01,2,1994-10-01,1
751,572,,Hauptstrasse 12,4127,Birsfelden,BL,267118.328,613550.028,2009-08-01,1,,0
752,573,f + p - 5 Galerie +/-,Elsässerstrasse 186,4056,Basel,BS,269361.09,610200.799,1994-06-14,0,1994-06-20,0
753,573,Galerie +/-,Güterstrasse 119,4053,Basel,BS,266072.409,611276.798,1994-11-22,0,1994-11-22,0
754,574,,Hüningerstrasse 18,4056,Basel,BS,268913.984,610238.994,2008-05-01,1,2013-12-01,1
755,575,,,,Basel,BS,267109.358,611723.45,1998-01-01,2,2004-01-01,2
756,576,,St. Johanns-Rheinweg 41,4056,Basel,BS,268177.111,610454.994,1997-08-01,1,,0
757,577,,Ryffstrasse 12,4056,Basel,BS,268671.923,610540.259,2008-05-30,0,2008-05-30,0
758,578,,diverse Orte,,,BS,,,2012-08-01,1,,0
759,579,,Uferstrasse 80,4057,Basel,BS,269234.854,611148.96,2011-09-01,1,,0
760,580,,Viaduktstrasse 10,4051,Basel,BS,266476.887,611186.255,2012-01-01,2,2012-01-01,2
761,581,,Innere Margarethenstrasse 25,4051,Basel,BS,266524.642,611124.173,,0,,0
762,582,,Güterstrasse 189,4053,Basel,BS,265862.793,611642.415,1985-01-01,2,1998-01-01,2
763,582,,Unterer Heuberg 2,4051,Basel,BS,267310.516,611138.037,1998-01-01,2,2014-01-01,2
764,582,,Güterstrasse 189,4053,Basel,BS,265862.793,611642.415,2014-01-01,2,,0
765,583,,Hebelstrasse 121,4056,Basel,BS,268146.716,610390.281,1998-11-01,1,,0
766,584,,,,Basel,BS,267109.358,611723.45,1989-01-01,2,1989-04-01,0
767,585,,Poststrasse 2,4410,Liestal,BL,259299.53,622136.501,1984-01-01,2,1990-01-01,2
768,586,,Burgweg 7-15,4058,Basel,BS,267559.77,612232.675,1992-01-01,2,,0
769,587,,Marzilistrasse 47,3005,Bern,BE,198827.284,600409.797,1987-01-01,2,,0
770,588,,Gerechtigkeitsgasse 17,3011,Bern,BE,199699.747,601243.37,1994-01-01,2,1996-01-01,2
771,589,diverse Orte,,,,BE,,,2009-01-01,2,2009-01-01,2
772,590,,Via Tamaro 3,6500,Bellinzona,TI,118201.87,723052.49,1994-01-01,2,,0
773,591,Hotel Pfistern,Pfisternstrasse 4,6055,Alpnach Dorf,OW,199315,663335,2011-05-28,0,2012-02-25,0
776,592,,Bernstrasse 94,6003,Luzern,LU,211698.559,664155.672,2013-08-01,1,,0
777,593,,Hauptstrasse 62/64,6015,Luzern,LU,213195.855,664009.023,2011-10-01,1,2014-01-01,1
778,594,,Rue des Moulins 37,2000,Neuchâtel,NE,204770.052,561148.543,1995-01-01,2,,0
779,595,diverse Orte,,9320,Arbon,TG,264515.305,749359.653,2014-01-01,2,2014-01-01,2
780,596,,Avenue de la Jonction 19,1205,Genève,GE,117492.336,498649.674,2005-01-01,2,,0
781,597,diverse Orte,,1200,Genève,GE,233054.062,576332.918,1980-01-01,2,1980-01-01,2
782,598,,Resedastrasse 1,9010,St. Gallen,SG,255823.98,746252.079,,0,,0
783,598,,Speicherstrasse 69,9043,Trogen,AR,252342.67,752251.687,,0,,0
784,599,,Vordere Vorstadt 21,5000,Aarau,AG,249075.153,645788.114,1982-01-01,2,2013-01-01,2
785,600,,Place des Volontaires 4,1204,Genève,GE,117784.545,499489.833,1989-01-01,2,,0
786,601,,Limmatstrasse 204,8005,Zurich,ZH,249064.39,682276.264,2013-05-01,1,,0
787,602,,Lyssachstrasse 112,3400,Burgdorf,BE,212322.903,613056.364,,0,,0
788,603,,Hildastrasse 10,8004,Zürich,ZH,247888.483,681322.686,2015-05-01,1,,0
789,604,im KIFF,Tellistrasse 108,5000,Aarau,AG,249981.45,647152.613,1990-09-03,0,2003-01-01,2
790,604,,Ochsengässli 7,5000,Aarau,AG,249388.134,645750.515,2003-01-01,2,,0
791,605,,Wylerringstrasse 77,3014,Bern,BE,201428.826,601109.014,2012-02-23,0,2012-02-26,0
792,606,,Storchengässli 8,5000,Aarau,AG,249320.48,645788.988,1977-11-01,1,1977-11-01,1
793,608,"PROGR, Atelier 217",Waisenhausplatz 30,3011,Bern,BE,199890.154,600407.545,2013-01-01,2,2016-01-01,2
794,609,,Avenue du Silo 9,1020,Renens,VD,153886.05,534587.431,,0,,0
795,610,,Schloss,3076,Worb,BE,197699.592,609856.737,,0,,0
796,611,,,1227,Carouge,GE,116006.048,499574.131,1974-01-01,2,1976-01-01,2
797,612,,Länggassstrasse 49,3012,Bern,BE,200369.701,599371.454,1986-01-01,2,1986-01-01,2
798,613,,,,Genève,GE,117866.446,500005.939,1976-01-01,2,1979-01-01,2
799,614,Glasraum,"Rote Fabrik
Neben Roter Ziegel
Seestrasse 395",8038,Zürich,ZH,244213.444,682905.432,1981-01-01,2,1981-01-01,2
800,614,Raum 104,Seestrasse 395,8038,Zürich,ZH,244213.444,682905.432,1984-01-01,2,1984-01-01,2
801,615,,,,Genève,GE,117866.446,500005.939,,0,,0
802,616,"Altstadt, diverse Orte",,8200,Schaffhausen,SH,283851.574,691736.342,,0,,0
803,617,Ecole superieure d' art visuel,Rue du General-Dufour 2,1204,Genève,GE,117606.349,499823.892,1987-01-01,2,,0
804,618,Rote Fabrik,Seestrasse 395,8038,Zürich,ZH,244213.444,682905.432,2006-01-01,2,,0
805,619,im Dorfkern von Appenzell,,,Appenzell,AI,244295.95,750155.792,1998-08-01,1,1998-10-01,1
806,620,,Tessinerplatz,8002,Zürich,ZH,246539.126,682603.562,1982-01-01,2,1982-01-01,2
807,621,,Bonnes-Luites 1,1920,Martigny,VS,106238.718,572090.679,1992-01-01,2,1995-01-01,2
808,622,,Rennweg,8001,Zürich,ZH,247414.738,683178.809,1995-08-01,1,1995-12-01,1
809,623,,Avenue de la Jonction 19,1205,Genève,GE,117492.336,498649.674,2006-12-01,1,2008-10-01,1
810,624,,Ziegelstrasse 4,4632,Trimbach,SO,245187.356,635016.265,1996-01-01,2,1996-01-01,2
811,625,,Zentralstrasse 150,8003,Zürich,ZH,247763.14,681286.287,1995-02-01,1,1996-10-01,1
812,626,,Route de Saint-Eloi 13,1350,Orbe,VD,174751.143,530807.093,2010-01-01,2,,0
813,627,,Sentimattstrasse 6,6003,Luzern,LU,211841.136,665089.023,1971-01-01,2,,0
814,628,,Im eisernen Zeit 27,8057,Zürich,ZH,249610.587,683233.349,1980-01-01,2,1986-01-01,2
815,629,Projektraum exex,Oberer Graben,9000,St. Gallen,SG,254569.339,745981.546,2003-01-01,2,2008-01-01,2
816,629,Projektraum Nextex,Blumenbergplatz 3,9000,St. Gallen,SG,254630.255,745977.385,2009-01-01,2,,0
817,629,Projektraum im Haus zum Pelikan,Schmiedgasse 15,9000,St. Gallen,SG,254390.836,746175.073,2009-01-01,2,,0
818,629,Projektraum Nextex,Frongartenstrasse 9,9000,St. Gallen,SG,254215.434,746001.52,2009-01-01,2,,0
819,630,,rue du Beulet 4,1203,Genève,GE,117889.53,498688.092,1994-01-01,2,2008-01-01,2
820,631,,Rue du Vélodrome 2,1205,Genève,GE,117365.847,498981.324,1997-01-01,2,2014-01-01,2
821,632,diverse Orte,,,Zürich,ZH,247945.169,682945.254,1981-01-01,2,1981-01-01,2
822,633,Altes Zeughaus,Poststrasse 9,9100,Herisau,AR,249833.495,738877.111,1987-05-22,0,1987-06-06,0
823,634,,Gotthardstrasse 54,8002,Zurich,ZH,246596.733,682677.878,2014-02-01,1,,0
824,635,,Zwinglistrasse 40,8004,Zürich,ZH,248146.032,682249.736,,0,,0
825,635,,Militärstrasse 76,8004,Zürich,ZH,248099.896,682435.16,,0,,0
826,636,,Badenerstrasse 415,8003,Zürich,ZH,248213.915,680617.942,2012-01-01,2,2014-01-01,2
827,637,,diverse Orte,,,ZH,,,2002-01-01,2,2002-01-01,2
828,638,,Schmiedeweg 4,3048,Worblaufen,BE,202869.211,601871.161,2015-04-01,1,,0
829,639,,Gerechtigkeitsgasse 23,3011,Bern,BE,199683.304,601235.388,1964-01-01,2,1968-01-01,2
830,640,,Selnaustrasse,8001,Zürich,ZH,247111.163,682686.902,1997-03-16,0,1997-07-20,0
831,641,,Hohlstrasse 208,8004,Zürich,ZH,248466.797,681446.387,1989-01-01,2,1997-01-01,2
832,642,,Boulevard du Pont d'Arve 23,1205,Genève,GE,116788.398,500076.39,2008-01-01,2,2011-01-01,2
833,643,,Rue de la Coulouvrenière 11,1204,Genève,GE,117771.713,499443.402,1994-09-01,1,,0
834,644,,St. Jakobstrasse 52,8004,Zürich,ZH,247712.058,682428.901,2015-01-01,1,2015-03-13,0
835,645,,Schaffauserplatz,8057,Zürich,ZH,249576.919,683035.317,1993-01-01,2,1996-01-01,2
836,646,Papiersaal. Kultur und Genuss,Kalanderplatz 1,8045,Zürich,ZH,245809.415,681936.947,,0,,0
837,647,,"Elisabethenstrasse 14a
3. Stock",8004,Zürich,ZH,247489.336,681898.518,2014-09-20,0,,0
838,648,,Fünf-Eck-Haus und diverse Standorte,9050,Trogen,AR,,,1994-01-22,0,1994-01-22,0
839,649,,Wohnung Hans Ulrich Obrist,,St. Gallen,SG,,,1991-01-01,2,1991-01-01,2
840,650,,Kirchenweg 4,8008,Zürich,ZH,246170.571,684378.077,2013-03-22,0,2014-05-01,1
841,650,,Röschibachstrasse 24,8037,Zurich,ZH,249692.78,682004.21,2015-01-31,0,,0
842,651,z(10),Voa Stretscha 2,7082,Vaz/Obervaz,GR,173587,760374,,0,,0
843,651,z(11),"Casa Son Duno
Voa Son Duno 2/3",7082,Vaz/Obervaz,GR,173587,760374,2011-07-01,1,2011-10-01,1
844,651,z(13),,,,GR,,,2013-07-01,1,2013-09-01,1
845,651,z(15/16),Casa Son Duno,7082,Vaz/Obervaz,GR,173587,760374,2015-10-01,1,2016-05-01,1
846,652,Alte Fabrik,Falkenstrasse 5,8640,Rapperswil,SG,231651.43,704591.722,1992-01-01,2,,0
847,652,Kunst(Zeug)Haus,Schönbodenstrasse 1,8640,Rapperswil,SG,231687.415,705113.83,,0,,0
848,653,Hotel Furkablick,Furka Passhöhe,6491,Realp,UR,155381.707,680208.255,1983-01-01,2,1993-01-01,2
849,655,,Hardturmstrasse 169,8005,Zürich,ZH,249734.91,680975.907,1996-06-01,1,1997-05-01,1
850,656,,Rue de Lausanne 18,1700,Fribourg,FR,183880.196,578720.426,1974-01-01,2,1981-01-01,2
851,657,,Mühlenplatz,6004,Luzern,LU,211574.22,665733.024,2014-01-01,2,2018-01-01,2
852,658,Perla Mode,Langstrasse 84,8004,Zürich,ZH,248008.557,682173.197,2008-01-01,2,2011-01-01,2
853,658,,Kochstrasse 1,8004,Zürich,ZH,247975.747,681364.456,2011-01-01,2,2018-08-01,1
854,659,,"Schlachthof
Schlachthofstrasse 10",4056,Basel,BS,269548.862,609969.822,2007-01-01,2,2011-01-01,2
855,660,,diverse Orte,,,BS,,,2011-01-01,2,,0
856,661,,Amerikanerstrasse 6,4102,Binningen,BS,265302.653,610177.342,1996-01-01,2,1996-01-01,2
857,662,Kulturhaus Palazzo,Bahnhofplatz,4410,Liestal,BL,259262.526,622116.323,1990-09-01,1,,0
858,663,,,,Basel,BS,267109.358,611723.45,,0,,0
859,664,,Gerbergasse 30,4001,Basel,BS,267331.324,611273.363,1993-01-01,2,,0
860,665,,Steinentorber 28,4051,Basel,BS,266510.419,611237.968,2004-01-01,2,,0
861,666,,Utengasse 60,4058,Basel,BS,267615.174,611721.267,,0,,0
862,666,utengasse sechzig goes maison 44,Steinenring 44,4051,Basel,BS,266693.145,610631.614,2018-01-01,2,,0
863,667,,"Vogesenstrasse 23
im Hinterhof",4056,Basel,BS,268357.979,610526.712,2017-10-01,1,2017-11-01,1
864,668,,Davidsbodenstrasse 15,4056,Basel,BS,268294.228,610444.259,,0,,0
865,669,,,,,BS,,,,0,,0
866,670,NT-Areal,,,Basel,BS,267109.358,611723.45,2002-01-01,2,2002-01-01,2
867,671,,St. Johanns-Vorstadt 72,4056,Basel,BS,268259.299,610899.678,2004-01-01,2,2009-01-01,2
868,672,,Klybeckstrasse 1b,4057,Basel,BS,268136.265,611483.763,2010-09-01,1,,0
869,673,,Poststrasse 2,4410,Liestal,BL,259299.53,622136.501,1979-01-01,2,1984-01-01,2
870,674,,Viaduktstrasse 40-44,4051,Basel,BS,266507.287,611059.155,1990-10-22,0,1993-06-01,1
871,675,,Zähringerstrasse 42,3012,Bern,BE,200540.44,599603.702,2014-06-01,1,,0
872,676,,,8620,Wetzikon,ZH,242852.975,700396.26,1992-01-01,2,1999-01-01,2
873,677,,St. Alban Vorstadt 88,4052,Basel,BS,267021.407,612184.988,,0,,0
874,678,Kunstraum Obwalden,"Turbine
Unteraastrasse 42",6074,Giswil,OW,185947.804,656258.54,1997-01-01,2,2000-01-01,2
875,679,expoTurbine,Unteraastrasse 42,6074,Giswil,OW,185947.804,656258.54,1997-01-01,2,2018-01-01,2
876,680,Uhrenfabrik Thommen,Rickenbacherstrasse 30,,Gelterkinden,BL,257526.097,631092.784,,0,,0
877,680,Künstlergruppe,,,,BL,,,1986-01-01,2,1986-01-01,2
878,681,Kocherspital,Schlösslistrasse 11,3008,Bern,BE,199521,599444.254,,0,,0
879,682,,,,Luzern,LU,210354.453,666772.082,1985-01-01,2,1985-01-01,2
880,683,Alte Stadtgärtnerei,St. Johann,4056,Basel,BS,268744.867,610810.73,1986-01-01,2,1988-01-01,2
881,684,Galerie allerart. Produzentengalerie,Kleinhüningerstrasse 165,4057,Basel,BS,269871.391,611434.726,,0,1985-05-01,1
882,684,Galerie allerart. Leitung Roth und Zimmermann,Kleinhüningerstrasse 165,4057,Basel,BS,269871.391,611434.726,1985-10-01,1,1986-05-01,1
883,685,,Uferstrasse 90,4057,Basel,BS,270137.228,611171.376,2000-01-01,2,2003-01-01,2
884,686,diverse Orte,,,Zürich,ZH,247945.169,682945.254,2010-02-01,1,2014-04-01,1
885,687,,Gaswerkstrasse 15,8952,Schlieren,ZH,250802.373,677358.999,2017-07-10,0,,0
886,688,,Steinerstrasse 16,8253,Diessenhofen,TG,282714.377,698852.436,2014-01-01,2,,0
887,689,,Bäderstrasse 11,5400,Baden,AG,259088.201,665845.563,2007-01-01,2,2010-03-01,1
888,690,,Bahnhofstrasse 19,6362,Stansstad,NW,203211.755,668371.543,2017-09-15,0,2018-07-02,0
889,691,,Bireggstrasse 36,6003,Luzern,LU,210411.728,665990.588,2016-08-01,1,,0
890,692,,Löwenplatz 11,6004,Luzern,LU,212141.305,666272.595,,0,,0
891,692,Figorex-Hallen,,6005,Luzern,LU,210521.891,666313.785,2008-01-01,2,2008-01-01,2
892,693,Alte Spinnerei,Klosterstrasse 40,5430,Wettingen,AG,256445.701,665934.332,1987-01-01,2,1989-01-01,2
893,694,"im o.T, Raum für aktuelle Kunst",Eichwaldstrasse 27a,6005,Luzern,LU,209968.962,665545.769,2001-10-19,0,2001-10-20,0
894,694,Kunstpanorama und Stattkino Luzern,Löwenplatz 11,6004,Luzern,LU,212141.305,666272.595,2002-09-04,0,2002-09-26,0
895,694,Richard Wagner Museum,Richard Wagner Weg 27,6005,Luzern,LU,210539.825,667666.956,2003-08-22,0,2003-11-22,0
896,694,Steeltec-Halle,Emmenweidstrasse 90,6020,Emmen,LU,213492.885,662908.783,2004-10-15,0,2004-10-15,0
897,694,Atelierhaus Huber/Blum,Herdschwandstrasse 7,6020,Emmenbrücke,LU,213903.493,664028.762,2005-08-13,0,2005-08-13,0
898,694,,Industriestrasse 9,6005,Luzern,LU,210409.026,666335.474,2006-05-18,0,2006-05-18,0
899,694,Kulturwerkstatt Kriens-Obernau,Rengglochstrasse 11,6012,Kriens-Obernau,LU,209604.395,661263.038,2006-05-19,0,2006-05-20,0
900,694,sic! Raum für Kunst,Baselstrasse 72,6003,Luzern,LU,211758.613,664913.866,2007-11-22,0,2007-11-22,0
901,694,SwissLifeArena,Eisfeldstrasse 2,6005,Luzern,LU,210399.158,667081.932,2007-11-23,0,2007-11-24,0
902,694,migma - Alpineum Produzentengalerie Luzern,Denkmalstrasse 11,6006,Luzern,LU,212246.144,666235.774,2009-03-19,0,2009-03-19,0
903,694,Bourbaki Panorama,Löwenplatz 11,6004,Luzern,LU,212141.305,666272.595,2009-03-19,0,2009-03-19,0
904,694,migma - Verkehrshaus der Schweiz,Luzern Lidostrasse 5,6006,Luzern,LU,211669.624,668170.746,2009-03-20,0,2009-03-21,0
905,694,Kunsthalle Luzern,Bürgenstrasse 34/36,6005,Luzern,LU,210649.975,666836.068,2010-11-12,0,2010-11-13,0
906,694,Hallenbad Luzern,Bireggstrasse 36,6003,Luzern,LU,210411.728,665990.588,2012-05-11,0,2012-05-12,0
907,694,Kulturzentrum Sedel,Sedelhof 2,6000,Luzern,LU,,,2013-11-15,0,2013-11-16,0
908,694,Pavillon Tribschenhorn,Richard-Wagner-Weg 17,6005,Luzern,LU,210306,667156,2014-08-30,0,2014-08-30,0
909,694,Kunstmuseum Luzern,Europaplatz 1,6005,Luzern,LU,210521.891,666313.785,2015-10-16,0,2015-10-18,0
910,694,migma - Orte als Thema,Verschiedene Orte in Luzern,6005,Luzern,LU,210521.891,666313.785,2017-05-26,0,2017-05-28,0
911,695,,nomadisch,,,,,,2014-12-01,1,,0
912,696,Palais Bleu,Kantonsschulstrasse 6,9043,Trogen,AR,252942.941,752839.174,2008-01-01,2,2016-01-01,2
913,697,,Rämistrasse 18,8001,Zürich,ZH,246953.213,683717.465,2007-11-08,0,2007-11-24,0
914,698,öffentlicher Raum,Städtli 7,8505,Pfyn,TG,272633.978,714455.579,,0,,0
915,698,Trotte Pfyn,Städtli 1a,8505,Pfyn,TG,272612.919,714390.591,2008-01-01,2,,0
916,698,,verschiedene kurzfristige Standorte bei Ausstellungen,,,TG,,,,0,,0
917,699,Quai de l'Indépendance,Place d'Arme,1096,Cully,VD,148796,545763,2010-01-01,2,,0
918,700,,Lavendelweg 8,6280,Hochdorf,LU,224569.343,664278.63,2013-01-01,2,,0
919,701,,Rue Neuve 5,1020,Renens,VD,154372.566,534288.971,2010-10-01,1,,0
920,702,,Röschibachstrasse 57,8037,Zürich,ZH,249770.521,682149.719,2019-03-27,0,,0
921,703,,Albulastrasse 34,8048,Zürich,ZH,249120.08,679708.46,1999-01-01,2,2011-01-01,1
922,705,,Ziegelrain,,Aarau,AG,249149.067,645741.556,1967-01-01,2,1975-01-01,2
923,706,,Badenerstrasse 123,8004,Zürich,ZH,247601.615,681948.687,2017-01-01,2,,0
924,707,Panorama City Rotwandstrasse,Rotwandstrasse 39,8004,Zürich,ZH,247720.305,682274.416,2002-01-01,2,2002-01-01,2
925,709,Stückfärberei,Hochbergerstrasse 70,4057,Basel,BS,269859.858,611799.793,,0,,0
926,710,,Mülhauserstrasse 48,4056,Basel,BS,268679.386,610668.401,2017-01-01,1,,0
927,711,c/o René-Pierre Antille,Rue Rainer Rilke 4,3960,Sierre,VS,126860.3,607114.24,2013-01-01,2,,0
928,712,,Ausstellungsstrasse 16,8005,Zürich,ZH,248451.656,682956.029,2017-03-01,1,,0
929,713,art`box,Rotbuchstrasse 16,8006,Zürich,ZH,249549.077,682927.658,2018-05-01,1,,0
930,713,,Talstrasse 37,8001,Zürich,ZH,247064.908,682995.856,2014-11-01,1,2018-05-01,1
931,713,Office/ Atelier,Aargauerstrasse 80 / 33,8048,Zürich,ZH,249657.32,679870.046,,0,,0
932,714,,Dornacherplatz 3,,Solothurn,SO,228128.5,607496.102,2000-01-01,2,2000-01-01,2
933,715,,Mohren 27,9411,Reute,AR,252566.686,760933.7,2003-01-01,2,2005-01-01,2
934,715,"Gast in Prag, Galerie Kritiku","Palac Adria 
Jungmannova 31
Praha 1",,,,,,2005-08-23,0,2005-09-17,0
935,716,Maison Turberg,Rue Pierre-Péquignat 42,2900,Porrentruy,JU,252000.261,572445.169,2009-09-01,1,2012-12-01,1
936,47,,,6060,Sarnen,OW,194176.343,662020.686,1983-08-14,0,1983-10-01,0
937,147,Fri Art,Petites-Rames 22,1700,Fribourg,FR,183601.121,578684.914,1990-11-10,0,,0
938,258,,Körnerstrasse 11,8004,Zürich,ZH,247562.052,681824.042,2003-08-01,1,,0
939,441,A.C. Kupper Modern,Militärstrasse 84,8004,Zürich,ZH,248123.241,682401.369,2009-01-01,2,2017-01-01,2
946,22,Kunsthalle Winterthur,,,Winterthur,ZH,261707.351,697548.755,2008-05-01,1,2008-05-01,1
947,516,,Amerbachstrasse 55a,4057,Basel,BS,268782.524,611698.156,2012-01-01,2,,0
948,516,,Uferstrasse 90,4057,Basel,BS,270137.228,611171.376,,0,,0
949,607,Adapter,,,,,,,2011-01-01,2,,0
950,115,Agency for Spiritual Guestwork,,,,,,,2014-01-01,2,,0
951,366,AKMK,,,,,,,2011-01-01,2,2011-01-01,2
952,360,Artachment,,,,,,,2007-01-01,2,,0
954,718,Oslo 10,Oslo-Strasse 10,4142,Münchenstein,BL,264728.5,612892.023,2011-01-01,2,2017-01-01,2
955,441,Kupper Modern,Zwinglistrasse 10,8004,Zürich,ZH,248054.719,682370.868,2019-01-01,2,,0
956,441,Neuropa the Modern Institute,Militärstrasse 84,8004,Zürich,ZH,248123.241,682401.369,2006-01-01,2,2008-01-01,2
957,441,Neuropa Pop and Underground,Pfingstweidstrasse 6,8005,Zürich,ZH,249117.629,681550.868,1995-01-01,2,2002-01-01,2
958,355,Basel,,,,,,,2015-01-01,2,,0
959,508,Lasso,,,,,,,2010-01-01,2,2017-01-01,2
960,97,MOMUZ,,,,,,,1974-01-01,2,1975-01-01,2
961,248,«Morphing Geneva»,,,,,,,1999-01-01,2,1999-01-01,2
962,127,,Winkelbüel,6043,Adligenswi,,213782.708,671318.993,2014-01-01,2,,0
963,708,,Zentralstr. 43,8003,Zürich,,247325.81,681620.422,2014-01-01,2,,0
964,150,«office goes art»,,,,,,,2008-01-01,2,,0
965,487,«Performancekollektiv Kollabor»,,,,,,,2009-01-01,2,,0
966,394,Radio Arthur,,,,,,,2012-01-01,2,,0
967,217,Random Institute,,,,,,,2016-01-01,2,2019-01-01,2
968,654,Schöner Lesen,,,,,,,2010-01-01,2,2012-01-01,2
969,541,Showroom,,,,,,,2006-01-01,2,,0
970,364,The Forever Ending Story,,,,,,,2009-01-01,2,,0
971,122,Waschsalon,,,,,,,2017-01-01,2,,0
972,719,Theory Tuesdays,,8004,Zürich,ZH,248020.558,682516.219,2009-01-01,2,2022-01-01,2